,chr,rs,ps,n_mis,n_obs,allele1,allele0,af,beta,se,p_wald
5835597,scaffold_82_pilon,"scaffold_82_pilon:136042\A,\T",136042,0,20,T,A,0.25,1.0,0.0,0.0
5835700,scaffold_82_pilon,"scaffold_82_pilon:140197\G,\T",140197,0,20,T,G,0.25,1.0,0.0,0.0
5835445,scaffold_82_pilon,"scaffold_82_pilon:115727\C,\T",115727,0,20,T,C,0.725,-0.7913669,0.07194245,2.020835e-09
5835439,scaffold_82_pilon,"scaffold_82_pilon:113772\T,\C",113772,1,19,C,T,0.737,-0.78125,0.08558165,3.563208e-08
3894711,scaffold_29_pilon,"scaffold_29_pilon:1996202\C,\T",1996202,1,19,T,C,0.289,-0.7857143,0.08712103,4.270546e-08
1185812,chromosome_7_pilon,"chromosome_7_pilon:8206272\T,\A",8206272,0,20,A,T,0.225,-0.9090909,0.1010101,4.404279e-08
5835474,scaffold_82_pilon,"scaffold_82_pilon:128473\T,\C",128473,0,20,C,T,0.7,-0.6818182,0.07575758,4.404279e-08
5835444,scaffold_82_pilon,"scaffold_82_pilon:115544\T,\C",115544,0,20,C,T,0.7,-0.6818182,0.07575758,4.404279e-08
5835670,scaffold_82_pilon,"scaffold_82_pilon:139302\T,\C",139302,0,20,C,T,0.225,0.9090909,0.1010101,4.404279e-08
962456,chromosome_6_pilon,"chromosome_6_pilon:3707681\G,\T",3707681,0,20,T,G,0.275,0.9090909,0.1010101,4.404279e-08
5458049,scaffold_65_pilon,"scaffold_65_pilon:1747083\T,\C",1747083,0,20,C,T,0.225,-0.9090909,0.1010101,4.404279e-08
5836355,scaffold_82_pilon,"scaffold_82_pilon:174646\T,\C",174646,0,20,C,T,0.275,0.9090909,0.1010101,4.404279e-08
5835809,scaffold_82_pilon,"scaffold_82_pilon:144384\T,\G",144384,0,20,G,T,0.225,0.9090909,0.1010101,4.404279e-08
962455,chromosome_6_pilon,"chromosome_6_pilon:3707669\A,\G",3707669,0,20,G,A,0.225,0.9090909,0.1010101,4.404279e-08
5835988,scaffold_82_pilon,"scaffold_82_pilon:152635\G,\A",152635,0,20,A,G,0.275,0.9090909,0.1010101,4.404279e-08
5735226,scaffold_77_pilon,"scaffold_77_pilon:734623\A,\C",734623,0,20,C,A,0.275,-0.9090909,0.1010101,4.404279e-08
5835911,scaffold_82_pilon,"scaffold_82_pilon:148076\C,\A",148076,0,20,A,C,0.225,0.9090909,0.1010101,4.404279e-08
5838136,scaffold_82_pilon,"scaffold_82_pilon:436490\C,\A",436490,0,20,A,C,0.575,-0.5154639,0.06580255,3.302295e-07
5859925,scaffold_83_pilon,"scaffold_83_pilon:772024\C,\T",772024,0,20,T,C,0.425,0.5154639,0.06580255,3.302295e-07
1392201,chromosome_8_pilon,"chromosome_8_pilon:13075896\C,\G",13075896,1,19,G,C,0.237,-0.9,0.1167989,4.16311e-07
3816318,scaffold_28_pilon,"scaffold_28_pilon:2989436\G,\A",2989436,1,19,A,G,0.211,-0.9090909,0.1185794,4.469923e-07
5835433,scaffold_82_pilon,"scaffold_82_pilon:110078\A,\C",110078,1,19,C,A,0.684,-0.6060606,0.07905291,4.469923e-07
5860055,scaffold_83_pilon,"scaffold_83_pilon:779812\A,\G",779812,1,19,G,A,0.658,-0.609375,0.08281632,7.895347e-07
3886904,scaffold_29_pilon,"scaffold_29_pilon:1191532\C,\T",1191532,1,19,T,C,0.474,-0.5,0.06851887,8.847392e-07
5838140,scaffold_82_pilon,"scaffold_82_pilon:436815\A,\G",436815,0,20,G,A,0.6,-0.530303,0.07362313,1.05641e-06
3884015,scaffold_29_pilon,"scaffold_29_pilon:916868\T,\A",916868,0,20,A,T,0.6,-0.530303,0.07362313,1.05641e-06
4526926,scaffold_39_pilon,"scaffold_39_pilon:3123156\G,\A",3123156,0,20,A,G,0.3,-0.7352941,0.1039863,1.356414e-06
5838137,scaffold_82_pilon,"scaffold_82_pilon:436507\A,\G",436507,1,19,G,A,0.605,-0.524,0.07653031,2.085608e-06
5838141,scaffold_82_pilon,"scaffold_82_pilon:436827\A,\G",436827,0,20,G,A,0.625,-0.5531915,0.08148316,2.333525e-06
6074051,scaffold_96_pilon,"scaffold_96_pilon:1441778\T,\A",1441778,0,20,A,T,0.375,0.5531915,0.08148316,2.333525e-06
5838139,scaffold_82_pilon,"scaffold_82_pilon:436755\T,\G",436755,0,20,G,T,0.625,-0.5531915,0.08148316,2.333525e-06
3624160,scaffold_26_pilon,"scaffold_26_pilon:2782447\C,\T",2782447,0,20,T,C,0.625,-0.4761905,0.07098628,2.731489e-06
3836537,scaffold_28_pilon,"scaffold_28_pilon:4725059\A,\T",4725059,0,20,T,A,0.25,-0.7142857,0.1064794,2.731489e-06
4391061,scaffold_37_pilon,"scaffold_37_pilon:419489\A,\T",419489,0,20,T,A,0.25,-0.7142857,0.1064794,2.731489e-06
1256944,chromosome_7_pilon,"chromosome_7_pilon:17638909\T,\C",17638909,0,20,C,T,0.25,-0.7142857,0.1064794,2.731489e-06
4391063,scaffold_37_pilon,"scaffold_37_pilon:420115\C,\G",420115,0,20,G,C,0.25,-0.7142857,0.1064794,2.731489e-06
3839829,scaffold_28_pilon,"scaffold_28_pilon:5158775\A,\G",5158775,0,20,G,A,0.25,-0.7142857,0.1064794,2.731489e-06
3836540,scaffold_28_pilon,"scaffold_28_pilon:4725132\T,\C",4725132,0,20,C,T,0.25,-0.7142857,0.1064794,2.731489e-06
3836538,scaffold_28_pilon,"scaffold_28_pilon:4725060\G,\C",4725060,0,20,C,G,0.25,-0.7142857,0.1064794,2.731489e-06
3836214,scaffold_28_pilon,"scaffold_28_pilon:4694439\G,\A",4694439,0,20,A,G,0.25,-0.7142857,0.1064794,2.731489e-06
643387,chromosome_4_pilon,"chromosome_4_pilon:8367968\A,\G",8367968,0,20,G,A,0.55,-0.5072464,0.07638352,3.11702e-06
3962941,scaffold_29_pilon,"scaffold_29_pilon:9209003\G,\A",9209003,0,20,A,G,0.55,-0.5072464,0.07638352,3.11702e-06
4391048,scaffold_37_pilon,"scaffold_37_pilon:417875\G,\A",417875,0,20,A,G,0.45,-0.5072464,0.07638352,3.11702e-06
1237795,chromosome_7_pilon,"chromosome_7_pilon:15253212\A,\G",15253212,0,20,G,A,0.45,0.5072464,0.07638352,3.11702e-06
3883248,scaffold_29_pilon,"scaffold_29_pilon:830339\C,\T",830339,0,20,T,C,0.45,-0.5072464,0.07638352,3.11702e-06
5835036,scaffold_82_pilon,"scaffold_82_pilon:30091\G,\C",30091,0,20,C,G,0.675,-0.6432749,0.09746589,3.377181e-06
6869671,scaffold_1155_pilon,"scaffold_1155_pilon:2518\A,\T",2518,0,20,T,A,0.325,-0.6432749,0.09746589,3.377181e-06
649863,chromosome_4_pilon,"chromosome_4_pilon:9104829\C,\G",9104829,0,20,G,C,0.35,0.5882353,0.08949715,3.56401e-06
5859927,scaffold_83_pilon,"scaffold_83_pilon:772095\A,\T",772095,1,19,T,A,0.447,0.5038168,0.07773318,4.269592e-06
3893018,scaffold_29_pilon,"scaffold_29_pilon:1808793\A,\T",1808793,0,20,T,A,0.5,-0.5,0.07715167,4.274849e-06
1213705,chromosome_7_pilon,"chromosome_7_pilon:12157414\A,\G",12157414,0,20,G,A,0.5,0.5,0.07715167,4.274849e-06
5491474,scaffold_66_pilon,"scaffold_66_pilon:2151195\C,\T",2151195,1,19,T,C,0.368,-0.545045,0.08526228,5.094919e-06
2956791,chromosome_20_pilon,"chromosome_20_pilon:729286\C,\A",729286,1,19,A,C,0.289,-0.7222222,0.1136181,5.474938e-06
3892554,scaffold_29_pilon,"scaffold_29_pilon:1768309\T,\G",1768309,1,19,G,T,0.421,-0.5252101,0.08276944,5.598156e-06
4185249,scaffold_33_pilon,"scaffold_33_pilon:4079915\G,\A",4079915,1,19,A,G,0.316,-0.7295082,0.1170248,7.006848e-06
4185251,scaffold_33_pilon,"scaffold_33_pilon:4079934\C,\T",4079934,1,19,T,C,0.316,-0.7295082,0.1170248,7.006848e-06
957878,chromosome_6_pilon,"chromosome_6_pilon:3283701\G,\T",3283701,0,20,T,G,0.575,-0.4531722,0.0733143,7.792199e-06
4392563,scaffold_37_pilon,"scaffold_37_pilon:585821\T,\G",585821,0,20,G,T,0.425,-0.4531722,0.0733143,7.792199e-06
4390885,scaffold_37_pilon,"scaffold_37_pilon:395424\G,\T",395424,0,20,T,G,0.275,-0.6145251,0.1002824,8.681262e-06
3837843,scaffold_28_pilon,"scaffold_28_pilon:4886445\G,\A",4886445,0,20,A,G,0.275,-0.6145251,0.1002824,8.681262e-06
3836555,scaffold_28_pilon,"scaffold_28_pilon:4725930\C,\T",4725930,0,20,T,C,0.275,-0.6145251,0.1002824,8.681262e-06
3834545,scaffold_28_pilon,"scaffold_28_pilon:4519866\T,\C",4519866,0,20,C,T,0.275,-0.6145251,0.1002824,8.681262e-06
5852519,scaffold_83_pilon,"scaffold_83_pilon:99193\T,\A",99193,0,20,A,T,0.275,0.6145251,0.1002824,8.681262e-06
3838656,scaffold_28_pilon,"scaffold_28_pilon:4998990\C,\T",4998990,0,20,T,C,0.275,-0.6145251,0.1002824,8.681262e-06
5434275,scaffold_64_pilon,"scaffold_64_pilon:2598006\G,\A",2598006,1,19,A,G,0.342,0.578125,0.09444668,8.801455e-06
1215987,chromosome_7_pilon,"chromosome_7_pilon:12526489\T,\G",12526489,1,19,G,T,0.342,-0.578125,0.09444668,8.801455e-06
1215988,chromosome_7_pilon,"chromosome_7_pilon:12526491\T,\A",12526491,1,19,A,T,0.342,-0.578125,0.09444668,8.801455e-06
3924346,scaffold_29_pilon,"scaffold_29_pilon:4975272\T,\C",4975272,1,19,C,T,0.342,0.578125,0.09444668,8.801455e-06
3806199,scaffold_28_pilon,"scaffold_28_pilon:1593527\T,\G",1593527,0,20,G,T,0.425,-0.5179283,0.08503485,9.362969e-06
3922597,scaffold_29_pilon,"scaffold_29_pilon:4758678\C,\T",4758678,0,20,T,C,0.575,-0.5179283,0.08503485,9.362969e-06
3816043,scaffold_28_pilon,"scaffold_28_pilon:2956788\A,\G",2956788,0,20,G,A,0.325,-0.5179283,0.08503485,9.362969e-06
3618904,scaffold_26_pilon,"scaffold_26_pilon:2163799\T,\C",2163799,0,20,C,T,0.325,-0.5179283,0.08503485,9.362969e-06
3836574,scaffold_28_pilon,"scaffold_28_pilon:4729800\G,\A",4729800,0,20,A,G,0.325,-0.5179283,0.08503485,9.362969e-06
1351232,chromosome_8_pilon,"chromosome_8_pilon:8604982\T,\A",8604982,0,20,A,T,0.425,0.5179283,0.08503485,9.362969e-06
3922596,scaffold_29_pilon,"scaffold_29_pilon:4758667\T,\C",4758667,0,20,C,T,0.575,-0.5179283,0.08503485,9.362969e-06
3816044,scaffold_28_pilon,"scaffold_28_pilon:2956799\C,\T",2956799,0,20,T,C,0.325,-0.5179283,0.08503485,9.362969e-06
2750116,chromosome_18_pilon,"chromosome_18_pilon:5766342\T,\C",5766342,1,19,C,T,0.684,-0.63125,0.1041562,9.956807e-06
5838150,scaffold_82_pilon,"scaffold_82_pilon:437742\G,\C",437742,1,19,C,G,0.684,-0.63125,0.1041562,9.956807e-06
1728945,chromosome_10_pilon,"chromosome_10_pilon:17164198\C,\T",17164198,0,20,T,C,0.2,-0.8333333,0.1388889,1.126997e-05
962453,chromosome_6_pilon,"chromosome_6_pilon:3707624\T,\A",3707624,0,20,A,T,0.2,0.8333333,0.1388889,1.126997e-05
6775293,scaffold_230_pilon,"scaffold_230_pilon:58690\A,\T",58690,0,20,T,A,0.2,0.8333333,0.1388889,1.126997e-05
6136506,scaffold_100_pilon,"scaffold_100_pilon:1625840\T,\C",1625840,0,20,C,T,0.2,-0.8333333,0.1388889,1.126997e-05
5835677,scaffold_82_pilon,"scaffold_82_pilon:139605\A,\T",139605,0,20,T,A,0.2,0.8333333,0.1388889,1.126997e-05
962454,chromosome_6_pilon,"chromosome_6_pilon:3707644\G,\A",3707644,0,20,A,G,0.2,0.8333333,0.1388889,1.126997e-05
1924576,chromosome_12_pilon,"chromosome_12_pilon:2442048\T,\C",2442048,0,20,C,T,0.2,-0.8333333,0.1388889,1.126997e-05
1233515,chromosome_7_pilon,"chromosome_7_pilon:14686664\G,\A",14686664,0,20,A,G,0.2,-0.8333333,0.1388889,1.126997e-05
1233516,chromosome_7_pilon,"chromosome_7_pilon:14686667\C,\T",14686667,0,20,T,C,0.2,-0.8333333,0.1388889,1.126997e-05
1986923,chromosome_12_pilon,"chromosome_12_pilon:10289001\C,\T",10289001,0,20,T,C,0.3,-0.8333333,0.1388889,1.126997e-05
4166367,scaffold_33_pilon,"scaffold_33_pilon:1842800\A,\G",1842800,0,20,G,A,0.2,-0.8333333,0.1388889,1.126997e-05
2816017,chromosome_18_pilon,"chromosome_18_pilon:12132252\T,\C",12132252,0,20,C,T,0.2,-0.8333333,0.1388889,1.126997e-05
4520201,scaffold_39_pilon,"scaffold_39_pilon:2454045\A,\T",2454045,0,20,T,A,0.2,-0.8333333,0.1388889,1.126997e-05
4391423,scaffold_37_pilon,"scaffold_37_pilon:465942\T,\C",465942,0,20,C,T,0.2,-0.8333333,0.1388889,1.126997e-05
5226004,scaffold_56_pilon,"scaffold_56_pilon:3504062\G,\A",3504062,0,20,A,G,0.3,0.8333333,0.1388889,1.126997e-05
1151969,chromosome_7_pilon,"chromosome_7_pilon:4221538\T,\C",4221538,0,20,C,T,0.3,-0.5555556,0.09259259,1.126997e-05
6640134,scaffold_171_pilon,"scaffold_171_pilon:445085\T,\G",445085,0,20,G,T,0.3,0.8333333,0.1388889,1.126997e-05
6640135,scaffold_171_pilon,"scaffold_171_pilon:445087\A,\G",445087,0,20,G,A,0.3,0.8333333,0.1388889,1.126997e-05
5901536,scaffold_86_pilon,"scaffold_86_pilon:138131\A,\T",138131,0,20,T,A,0.3,-0.8333333,0.1388889,1.126997e-05
5901537,scaffold_86_pilon,"scaffold_86_pilon:138132\T,\C",138132,0,20,C,T,0.3,-0.8333333,0.1388889,1.126997e-05
5835901,scaffold_82_pilon,"scaffold_82_pilon:147809\G,\A",147809,0,20,A,G,0.2,0.8333333,0.1388889,1.126997e-05
5474394,scaffold_66_pilon,"scaffold_66_pilon:351545\G,\C",351545,0,20,C,G,0.2,0.8333333,0.1388889,1.126997e-05
1233436,chromosome_7_pilon,"chromosome_7_pilon:14680129\G,\A",14680129,0,20,A,G,0.2,-0.8333333,0.1388889,1.126997e-05
5901535,scaffold_86_pilon,"scaffold_86_pilon:138127\T,\C",138127,0,20,C,T,0.3,-0.8333333,0.1388889,1.126997e-05
3937793,scaffold_29_pilon,"scaffold_29_pilon:6348047\A,\G",6348047,0,20,G,A,0.2,0.8333333,0.1388889,1.126997e-05
5835993,scaffold_82_pilon,"scaffold_82_pilon:152969\A,\T",152969,0,20,T,A,0.2,0.8333333,0.1388889,1.126997e-05
6351799,scaffold_123_pilon,"scaffold_123_pilon:253226\C,\T",253226,0,20,T,C,0.3,0.8333333,0.1388889,1.126997e-05
1233445,chromosome_7_pilon,"chromosome_7_pilon:14681329\G,\A",14681329,0,20,A,G,0.2,-0.8333333,0.1388889,1.126997e-05
962452,chromosome_6_pilon,"chromosome_6_pilon:3707585\T,\G",3707585,0,20,G,T,0.2,0.8333333,0.1388889,1.126997e-05
1356142,chromosome_8_pilon,"chromosome_8_pilon:9261865\C,\T",9261865,0,20,T,C,0.3,0.5555556,0.09259259,1.126997e-05
5835678,scaffold_82_pilon,"scaffold_82_pilon:139637\C,\T",139637,0,20,T,C,0.2,0.8333333,0.1388889,1.126997e-05
1233517,chromosome_7_pilon,"chromosome_7_pilon:14686670\G,\A",14686670,0,20,A,G,0.2,-0.8333333,0.1388889,1.126997e-05
4728394,scaffold_43_pilon,"scaffold_43_pilon:4095936\G,\A",4095936,0,20,A,G,0.2,0.8333333,0.1388889,1.126997e-05
5836210,scaffold_82_pilon,"scaffold_82_pilon:165151\T,\A",165151,0,20,A,T,0.2,0.8333333,0.1388889,1.126997e-05
4055164,scaffold_31_pilon,"scaffold_31_pilon:3111952\A,\G",3111952,0,20,G,A,0.2,0.8333333,0.1388889,1.126997e-05
1189294,chromosome_7_pilon,"chromosome_7_pilon:8640726\C,\A",8640726,0,20,A,C,0.2,-0.8333333,0.1388889,1.126997e-05
1189295,chromosome_7_pilon,"chromosome_7_pilon:8640729\C,\T",8640729,0,20,T,C,0.2,-0.8333333,0.1388889,1.126997e-05
1734602,chromosome_10_pilon,"chromosome_10_pilon:17808408\G,\A",17808408,0,20,A,G,0.2,-0.8333333,0.1388889,1.126997e-05
1728698,chromosome_10_pilon,"chromosome_10_pilon:17129700\A,\C",17129700,0,20,C,A,0.2,-0.8333333,0.1388889,1.126997e-05
2962318,chromosome_20_pilon,"chromosome_20_pilon:1363853\G,\A",1363853,0,20,A,G,0.2,0.8333333,0.1388889,1.126997e-05
4645857,scaffold_42_pilon,"scaffold_42_pilon:735309\G,\A",735309,0,20,A,G,0.2,0.8333333,0.1388889,1.126997e-05
2065846,chromosome_13_pilon,"chromosome_13_pilon:3270676\T,\C",3270676,0,20,C,T,0.2,-0.8333333,0.1388889,1.126997e-05
3881008,scaffold_29_pilon,"scaffold_29_pilon:511588\T,\C",511588,0,20,C,T,0.2,-0.8333333,0.1388889,1.126997e-05
1227276,chromosome_7_pilon,"chromosome_7_pilon:13966268\T,\C",13966268,0,20,C,T,0.2,-0.8333333,0.1388889,1.126997e-05
955827,chromosome_6_pilon,"chromosome_6_pilon:3103877\C,\T",3103877,0,20,T,C,0.2,0.8333333,0.1388889,1.126997e-05
1227300,chromosome_7_pilon,"chromosome_7_pilon:13969637\C,\T",13969637,0,20,T,C,0.2,-0.8333333,0.1388889,1.126997e-05
3879939,scaffold_29_pilon,"scaffold_29_pilon:405616\C,\T",405616,0,20,T,C,0.2,-0.8333333,0.1388889,1.126997e-05
3879940,scaffold_29_pilon,"scaffold_29_pilon:405617\C,\T",405617,0,20,T,C,0.2,-0.8333333,0.1388889,1.126997e-05
3893756,scaffold_29_pilon,"scaffold_29_pilon:1884224\C,\T",1884224,0,20,T,C,0.2,-0.8333333,0.1388889,1.126997e-05
1192782,chromosome_7_pilon,"chromosome_7_pilon:9072896\G,\A",9072896,0,20,A,G,0.2,-0.8333333,0.1388889,1.126997e-05
962460,chromosome_6_pilon,"chromosome_6_pilon:3707765\G,\A",3707765,0,20,A,G,0.2,0.8333333,0.1388889,1.126997e-05
3884536,scaffold_29_pilon,"scaffold_29_pilon:978161\C,\T",978161,0,20,T,C,0.2,-0.8333333,0.1388889,1.126997e-05
2220123,chromosome_14_pilon,"chromosome_14_pilon:4199456\C,\G",4199456,0,20,G,C,0.3,0.8333333,0.1388889,1.126997e-05
6617083,scaffold_166_pilon,"scaffold_166_pilon:127904\G,\T",127904,0,20,T,G,0.2,0.8333333,0.1388889,1.126997e-05
2220122,chromosome_14_pilon,"chromosome_14_pilon:4199454\T,\C",4199454,0,20,C,T,0.3,0.8333333,0.1388889,1.126997e-05
5836237,scaffold_82_pilon,"scaffold_82_pilon:166797\T,\C",166797,0,20,C,T,0.2,0.8333333,0.1388889,1.126997e-05
5836238,scaffold_82_pilon,"scaffold_82_pilon:166813\G,\C",166813,0,20,C,G,0.2,0.8333333,0.1388889,1.126997e-05
5836239,scaffold_82_pilon,"scaffold_82_pilon:166821\G,\A",166821,0,20,A,G,0.2,0.8333333,0.1388889,1.126997e-05
1612334,chromosome_10_pilon,"chromosome_10_pilon:2899272\A,\G",2899272,0,20,G,A,0.3,0.8333333,0.1388889,1.126997e-05
1728640,chromosome_10_pilon,"chromosome_10_pilon:17123381\T,\C",17123381,0,20,C,T,0.2,-0.8333333,0.1388889,1.126997e-05
962458,chromosome_6_pilon,"chromosome_6_pilon:3707710\T,\G",3707710,0,20,G,T,0.2,0.8333333,0.1388889,1.126997e-05
3816695,scaffold_28_pilon,"scaffold_28_pilon:3026238\C,\A",3026238,0,20,A,C,0.3,-0.8333333,0.1388889,1.126997e-05
4166102,scaffold_33_pilon,"scaffold_33_pilon:1819465\C,\G",1819465,1,19,G,C,0.237,-0.703125,0.1173321,1.144197e-05
4413605,scaffold_37_pilon,"scaffold_37_pilon:3191899\A,\G",3191899,1,19,G,A,0.263,0.703125,0.1173321,1.144197e-05
5837798,scaffold_82_pilon,"scaffold_82_pilon:381577\A,\T",381577,1,19,T,A,0.237,0.703125,0.1173321,1.144197e-05
205393,chromosome_1_pilon,"chromosome_1_pilon:24160322\T,\C",24160322,1,19,C,T,0.263,-0.703125,0.1173321,1.144197e-05
3619356,scaffold_26_pilon,"scaffold_26_pilon:2236150\T,\C",2236150,1,19,C,T,0.763,-0.703125,0.1173321,1.144197e-05
3833914,scaffold_28_pilon,"scaffold_28_pilon:4448789\G,\A",4448789,1,19,A,G,0.237,-0.703125,0.1173321,1.144197e-05
205392,chromosome_1_pilon,"chromosome_1_pilon:24160313\C,\T",24160313,1,19,T,C,0.263,-0.703125,0.1173321,1.144197e-05
4656218,scaffold_42_pilon,"scaffold_42_pilon:1817055\C,\T",1817055,1,19,T,C,0.263,0.703125,0.1173321,1.144197e-05
5861784,scaffold_83_pilon,"scaffold_83_pilon:949865\C,\T",949865,0,20,T,C,0.475,0.4424779,0.07423633,1.222342e-05
5861785,scaffold_83_pilon,"scaffold_83_pilon:949879\T,\C",949879,0,20,C,T,0.475,0.4424779,0.07423633,1.222342e-05
5861786,scaffold_83_pilon,"scaffold_83_pilon:949884\A,\G",949884,0,20,G,A,0.475,0.4424779,0.07423633,1.222342e-05
5861787,scaffold_83_pilon,"scaffold_83_pilon:949885\C,\A",949885,0,20,A,C,0.475,0.4424779,0.07423633,1.222342e-05
1249012,chromosome_7_pilon,"chromosome_7_pilon:16694592\C,\T",16694592,1,19,T,C,0.421,-0.512605,0.08704907,1.416683e-05
2795458,chromosome_18_pilon,"chromosome_18_pilon:10026764\G,\C",10026764,1,19,C,G,0.474,-0.504065,0.08566644,1.430328e-05
6772745,scaffold_228_pilon,"scaffold_228_pilon:72281\G,\A",72281,1,19,A,G,0.658,-0.6363636,0.1085061,1.488373e-05
1359451,chromosome_8_pilon,"chromosome_8_pilon:9693489\G,\A",9693489,1,19,A,G,0.632,0.5815217,0.0994811,1.548684e-05
6772894,scaffold_228_pilon,"scaffold_228_pilon:97532\C,\A",97532,1,19,A,C,0.368,0.5815217,0.0994811,1.548684e-05
3891922,scaffold_29_pilon,"scaffold_29_pilon:1713585\A,\C",1713585,0,20,C,A,0.475,-0.5019305,0.08633467,1.653954e-05
1350977,chromosome_8_pilon,"chromosome_8_pilon:8562900\T,\A",8562900,0,20,A,T,0.475,0.5019305,0.08633467,1.653954e-05
6568418,scaffold_155_pilon,"scaffold_155_pilon:402426\G,\A",402426,0,20,A,G,0.475,-0.5019305,0.08633467,1.653954e-05
3423550,chromosome_24_pilon,"chromosome_24_pilon:5265386\T,\C",5265386,0,20,C,T,0.525,-0.5019305,0.08633467,1.653954e-05
647392,chromosome_4_pilon,"chromosome_4_pilon:8819860\A,\G",8819860,0,20,G,A,0.525,-0.5019305,0.08633467,1.653954e-05
3891957,scaffold_29_pilon,"scaffold_29_pilon:1715187\A,\T",1715187,1,19,T,A,0.474,0.5,0.08697984,1.894133e-05
647845,chromosome_4_pilon,"chromosome_4_pilon:8872542\G,\A",8872542,1,19,A,G,0.526,0.5,0.08697984,1.894133e-05
4752974,scaffold_44_pilon,"scaffold_44_pilon:1746628\G,\A",1746628,1,19,A,G,0.474,-0.5,0.08697984,1.894133e-05
3891956,scaffold_29_pilon,"scaffold_29_pilon:1715186\G,\T",1715186,1,19,T,G,0.474,0.5,0.08697984,1.894133e-05
643386,chromosome_4_pilon,"chromosome_4_pilon:8367640\C,\T",8367640,0,20,T,C,0.6,-0.5357143,0.09411541,2.130126e-05
4387894,scaffold_37_pilon,"scaffold_37_pilon:53909\T,\C",53909,0,20,C,T,0.4,-0.5357143,0.09411541,2.130126e-05
1358878,chromosome_8_pilon,"chromosome_8_pilon:9625851\A,\C",9625851,0,20,C,A,0.4,-0.5357143,0.09411541,2.130126e-05
1208419,chromosome_7_pilon,"chromosome_7_pilon:11372135\T,\C",11372135,0,20,C,T,0.4,-0.5357143,0.09411541,2.130126e-05
4389576,scaffold_37_pilon,"scaffold_37_pilon:240031\A,\G",240031,0,20,G,A,0.4,-0.5357143,0.09411541,2.130126e-05
2577200,chromosome_17_pilon,"chromosome_17_pilon:1715790\G,\T",1715790,0,20,T,G,0.6,-0.5357143,0.09411541,2.130126e-05
3850999,scaffold_28_pilon,"scaffold_28_pilon:6495513\A,\T",6495513,0,20,T,A,0.4,-0.5357143,0.09411541,2.130126e-05
1220869,chromosome_7_pilon,"chromosome_7_pilon:13192799\T,\C",13192799,0,20,C,T,0.4,0.5357143,0.09411541,2.130126e-05
2248583,chromosome_14_pilon,"chromosome_14_pilon:7801582\G,\A",7801582,0,20,A,G,0.6,-0.5357143,0.09411541,2.130126e-05
5834917,scaffold_82_pilon,"scaffold_82_pilon:13857\C,\T",13857,0,20,T,C,0.6,-0.5357143,0.09411541,2.130126e-05
6567799,scaffold_155_pilon,"scaffold_155_pilon:337840\T,\A",337840,0,20,A,T,0.4,-0.5357143,0.09411541,2.130126e-05
3816045,scaffold_28_pilon,"scaffold_28_pilon:2956908\A,\G",2956908,1,19,G,A,0.316,-0.5084746,0.08944147,2.161938e-05
6832398,scaffold_498_pilon,"scaffold_498_pilon:7347\G,\C",7347,0,20,C,G,0.25,-0.8,0.1414214,2.292887e-05
589481,chromosome_4_pilon,"chromosome_4_pilon:2796747\G,\A",2796747,0,20,A,G,0.25,0.8,0.1414214,2.292887e-05
589482,chromosome_4_pilon,"chromosome_4_pilon:2796749\G,\T",2796749,0,20,T,G,0.25,0.8,0.1414214,2.292887e-05
6528664,scaffold_146_pilon,"scaffold_146_pilon:521975\G,\A",521975,0,20,A,G,0.25,0.8,0.1414214,2.292887e-05
4051450,scaffold_31_pilon,"scaffold_31_pilon:2750995\C,\T",2750995,0,20,T,C,0.25,-0.8,0.1414214,2.292887e-05
3884323,scaffold_29_pilon,"scaffold_29_pilon:952532\T,\A",952532,0,20,A,T,0.25,0.8,0.1414214,2.292887e-05
5921135,scaffold_87_pilon,"scaffold_87_pilon:391990\T,\C",391990,0,20,C,T,0.25,0.8,0.1414214,2.292887e-05
2913528,chromosome_19_pilon,"chromosome_19_pilon:9979641\T,\C",9979641,0,20,C,T,0.25,-0.8,0.1414214,2.292887e-05
5703852,scaffold_75_pilon,"scaffold_75_pilon:2426896\T,\A",2426896,0,20,A,T,0.25,-0.8,0.1414214,2.292887e-05
5921134,scaffold_87_pilon,"scaffold_87_pilon:391982\A,\G",391982,0,20,G,A,0.25,0.8,0.1414214,2.292887e-05
5921133,scaffold_87_pilon,"scaffold_87_pilon:391974\T,\C",391974,0,20,C,T,0.25,0.8,0.1414214,2.292887e-05
3881009,scaffold_29_pilon,"scaffold_29_pilon:511757\C,\T",511757,0,20,T,C,0.25,-0.8,0.1414214,2.292887e-05
5697531,scaffold_75_pilon,"scaffold_75_pilon:1784459\C,\T",1784459,1,19,T,C,0.263,0.6024096,0.1078558,2.663683e-05
1987047,chromosome_12_pilon,"chromosome_12_pilon:10306547\A,\G",10306547,1,19,G,A,0.263,0.6024096,0.1078558,2.663683e-05
4391056,scaffold_37_pilon,"scaffold_37_pilon:418982\C,\T",418982,1,19,T,C,0.263,-0.6024096,0.1078558,2.663683e-05
6603095,scaffold_163_pilon,"scaffold_163_pilon:396483\A,\C",396483,1,19,C,A,0.289,-0.5445545,0.09825066,2.914626e-05
3577349,scaffold_25_pilon,"scaffold_25_pilon:9166211\C,\A",9166211,1,19,A,C,0.289,-0.5445545,0.09825066,2.914626e-05
1371354,chromosome_8_pilon,"chromosome_8_pilon:11117139\C,\T",11117139,1,19,T,C,0.711,0.6036585,0.1092562,3.023022e-05
646556,chromosome_4_pilon,"chromosome_4_pilon:8708331\C,\G",8708331,1,19,G,C,0.289,-0.6036585,0.1092562,3.023022e-05
5439631,scaffold_64_pilon,"scaffold_64_pilon:3072915\T,\G",3072915,1,19,G,T,0.289,-0.6036585,0.1092562,3.023022e-05
3614607,scaffold_26_pilon,"scaffold_26_pilon:1553177\G,\A",1553177,1,19,A,G,0.658,-0.5086957,0.09257796,3.223049e-05
3894301,scaffold_29_pilon,"scaffold_29_pilon:1955416\C,\T",1955416,1,19,T,C,0.395,-0.5283019,0.09689924,3.527445e-05
2687342,chromosome_17_pilon,"chromosome_17_pilon:13083052\G,\A",13083052,1,19,A,G,0.447,-0.5133929,0.09443837,3.647411e-05
647375,chromosome_4_pilon,"chromosome_4_pilon:8815480\T,\C",8815480,1,19,C,T,0.553,-0.5133929,0.09443837,3.647411e-05
2878604,chromosome_19_pilon,"chromosome_19_pilon:5475616\G,\C",5475616,1,19,C,G,0.553,-0.5133929,0.09443837,3.647411e-05
5836954,scaffold_82_pilon,"scaffold_82_pilon:280901\T,\G",280901,1,19,G,T,0.553,-0.5133929,0.09443837,3.647411e-05
2878605,chromosome_19_pilon,"chromosome_19_pilon:5475619\G,\A",5475619,1,19,A,G,0.553,-0.5133929,0.09443837,3.647411e-05
5847944,scaffold_82_pilon,"scaffold_82_pilon:1762179\A,\G",1762179,1,19,G,A,0.447,-0.5133929,0.09443837,3.647411e-05
647379,chromosome_4_pilon,"chromosome_4_pilon:8817015\T,\G",8817015,0,20,G,T,0.375,0.5641026,0.1039788,3.734239e-05
647444,chromosome_4_pilon,"chromosome_4_pilon:8824456\G,\A",8824456,0,20,A,G,0.375,0.5641026,0.1039788,3.734239e-05
6311893,scaffold_118_pilon,"scaffold_118_pilon:1207664\G,\A",1207664,0,20,A,G,0.375,0.5641026,0.1039788,3.734239e-05
4395598,scaffold_37_pilon,"scaffold_37_pilon:922167\T,\C",922167,0,20,C,T,0.375,-0.5641026,0.1039788,3.734239e-05
5691466,scaffold_75_pilon,"scaffold_75_pilon:753591\A,\G",753591,0,20,G,A,0.625,-0.5641026,0.1039788,3.734239e-05
5691585,scaffold_75_pilon,"scaffold_75_pilon:783365\A,\T",783365,0,20,T,A,0.375,0.5641026,0.1039788,3.734239e-05
3823218,scaffold_28_pilon,"scaffold_28_pilon:3587707\G,\C",3587707,0,20,C,G,0.375,-0.5641026,0.1039788,3.734239e-05
4391029,scaffold_37_pilon,"scaffold_37_pilon:415359\T,\C",415359,0,20,C,T,0.375,-0.5641026,0.1039788,3.734239e-05
5836721,scaffold_82_pilon,"scaffold_82_pilon:236669\A,\G",236669,0,20,G,A,0.375,0.5641026,0.1039788,3.734239e-05
4394590,scaffold_37_pilon,"scaffold_37_pilon:822545\A,\T",822545,0,20,T,A,0.375,-0.5641026,0.1039788,3.734239e-05
4645515,scaffold_42_pilon,"scaffold_42_pilon:702203\A,\T",702203,0,20,T,A,0.375,-0.5641026,0.1039788,3.734239e-05
5434271,scaffold_64_pilon,"scaffold_64_pilon:2597956\A,\G",2597956,0,20,G,A,0.375,0.5641026,0.1039788,3.734239e-05
3648901,scaffold_26_pilon,"scaffold_26_pilon:5894411\A,\G",5894411,0,20,G,A,0.55,-0.443038,0.08170851,3.757972e-05
4389701,scaffold_37_pilon,"scaffold_37_pilon:256906\A,\G",256906,0,20,G,A,0.55,-0.443038,0.08170851,3.757972e-05
1355023,chromosome_8_pilon,"chromosome_8_pilon:9100889\T,\G",9100889,0,20,G,T,0.45,0.443038,0.08170851,3.757972e-05
3884463,scaffold_29_pilon,"scaffold_29_pilon:968444\A,\T",968444,0,20,T,A,0.45,0.443038,0.08170851,3.757972e-05
1345381,chromosome_8_pilon,"chromosome_8_pilon:7985669\G,\T",7985669,0,20,T,G,0.45,-0.443038,0.08170851,3.757972e-05
1355406,chromosome_8_pilon,"chromosome_8_pilon:9159598\T,\C",9159598,0,20,C,T,0.45,-0.443038,0.08170851,3.757972e-05
3414124,chromosome_24_pilon,"chromosome_24_pilon:4178504\T,\C",4178504,1,19,C,T,0.211,0.8181818,0.1509459,3.77243e-05
5939183,scaffold_87_pilon,"scaffold_87_pilon:1979003\C,\T",1979003,1,19,T,C,0.289,0.8181818,0.1509459,3.77243e-05
4560253,scaffold_40_pilon,"scaffold_40_pilon:1460597\C,\T",1460597,1,19,T,C,0.211,-0.8181818,0.1509459,3.77243e-05
4389941,scaffold_37_pilon,"scaffold_37_pilon:294915\T,\C",294915,1,19,C,T,0.211,-0.8181818,0.1509459,3.77243e-05
3825929,scaffold_28_pilon,"scaffold_28_pilon:3862543\A,\G",3862543,1,19,G,A,0.316,-0.5454545,0.1006306,3.77243e-05
5715184,scaffold_76_pilon,"scaffold_76_pilon:1083060\T,\C",1083060,1,19,C,T,0.211,-0.8181818,0.1509459,3.77243e-05
3618860,scaffold_26_pilon,"scaffold_26_pilon:2159583\A,\T",2159583,1,19,T,A,0.789,-0.8181818,0.1509459,3.77243e-05
6354588,scaffold_123_pilon,"scaffold_123_pilon:591383\G,\A",591383,1,19,A,G,0.211,0.8181818,0.1509459,3.77243e-05
4408585,scaffold_37_pilon,"scaffold_37_pilon:2615059\T,\C",2615059,1,19,C,T,0.211,-0.8181818,0.1509459,3.77243e-05
4482636,scaffold_38_pilon,"scaffold_38_pilon:4488303\A,\C",4488303,1,19,C,A,0.211,-0.8181818,0.1509459,3.77243e-05
4408583,scaffold_37_pilon,"scaffold_37_pilon:2615048\T,\C",2615048,1,19,C,T,0.211,-0.8181818,0.1509459,3.77243e-05
593374,chromosome_4_pilon,"chromosome_4_pilon:3182377\G,\A",3182377,1,19,A,G,0.211,-0.8181818,0.1509459,3.77243e-05
6126181,scaffold_100_pilon,"scaffold_100_pilon:253058\T,\C",253058,1,19,C,T,0.211,-0.8181818,0.1509459,3.77243e-05
2879877,chromosome_19_pilon,"chromosome_19_pilon:5605048\C,\T",5605048,1,19,T,C,0.289,0.8181818,0.1509459,3.77243e-05
2878282,chromosome_19_pilon,"chromosome_19_pilon:5433806\T,\A",5433806,1,19,A,T,0.711,-0.8181818,0.1509459,3.77243e-05
4467651,scaffold_38_pilon,"scaffold_38_pilon:2979208\G,\A",2979208,1,19,A,G,0.211,-0.8181818,0.1509459,3.77243e-05
2065843,chromosome_13_pilon,"chromosome_13_pilon:3270666\T,\C",3270666,1,19,C,T,0.211,-0.8181818,0.1509459,3.77243e-05
1766729,chromosome_11_pilon,"chromosome_11_pilon:2208651\A,\C",2208651,1,19,C,A,0.211,0.8181818,0.1509459,3.77243e-05
2878281,chromosome_19_pilon,"chromosome_19_pilon:5433789\T,\C",5433789,1,19,C,T,0.711,-0.8181818,0.1509459,3.77243e-05
2878804,chromosome_19_pilon,"chromosome_19_pilon:5496790\C,\A",5496790,0,20,A,C,0.675,-0.6870229,0.1272265,3.938903e-05
5421397,scaffold_64_pilon,"scaffold_64_pilon:275924\T,\G",275924,0,20,G,T,0.325,0.6870229,0.1272265,3.938903e-05
6331791,scaffold_120_pilon,"scaffold_120_pilon:1080684\G,\T",1080684,0,20,T,G,0.675,-0.6870229,0.1272265,3.938903e-05
2878805,chromosome_19_pilon,"chromosome_19_pilon:5496799\G,\T",5496799,0,20,T,G,0.675,-0.6870229,0.1272265,3.938903e-05
1136453,chromosome_7_pilon,"chromosome_7_pilon:2503700\A,\G",2503700,0,20,G,A,0.325,-0.6870229,0.1272265,3.938903e-05
4538775,scaffold_39_pilon,"scaffold_39_pilon:4737614\C,\A",4737614,0,20,A,C,0.325,-0.6870229,0.1272265,3.938903e-05
6053342,scaffold_95_pilon,"scaffold_95_pilon:759821\C,\T",759821,0,20,T,C,0.325,-0.6870229,0.1272265,3.938903e-05
4540120,scaffold_39_pilon,"scaffold_39_pilon:4975411\T,\C",4975411,0,20,C,T,0.325,-0.6870229,0.1272265,3.938903e-05
6054316,scaffold_95_pilon,"scaffold_95_pilon:869509\G,\T",869509,0,20,T,G,0.325,-0.6870229,0.1272265,3.938903e-05
2518530,chromosome_16_pilon,"chromosome_16_pilon:8993785\T,\A",8993785,0,20,A,T,0.675,-0.6870229,0.1272265,3.938903e-05
6331746,scaffold_120_pilon,"scaffold_120_pilon:1075277\T,\C",1075277,0,20,C,T,0.325,0.6870229,0.1272265,3.938903e-05
3420704,chromosome_24_pilon,"chromosome_24_pilon:4940183\C,\A",4940183,0,20,A,C,0.325,0.6870229,0.1272265,3.938903e-05
3841578,scaffold_28_pilon,"scaffold_28_pilon:5364219\C,\T",5364219,0,20,T,C,0.375,-0.4727273,0.08824376,4.315041e-05
2596185,chromosome_17_pilon,"chromosome_17_pilon:3653825\C,\A",3653825,0,20,A,C,0.375,-0.4727273,0.08824376,4.315041e-05
4707734,scaffold_43_pilon,"scaffold_43_pilon:2030646\T,\G",2030646,0,20,G,T,0.375,-0.4727273,0.08824376,4.315041e-05
5861853,scaffold_83_pilon,"scaffold_83_pilon:955284\T,\A",955284,0,20,A,T,0.375,0.4727273,0.08824376,4.315041e-05
5861852,scaffold_83_pilon,"scaffold_83_pilon:955281\C,\A",955281,0,20,A,C,0.375,0.4727273,0.08824376,4.315041e-05
5859926,scaffold_83_pilon,"scaffold_83_pilon:772036\C,\T",772036,0,20,T,C,0.375,0.4727273,0.08824376,4.315041e-05
1233024,chromosome_7_pilon,"chromosome_7_pilon:14642100\C,\G",14642100,1,19,G,C,0.184,-0.8333333,0.1557255,4.368288e-05
5901538,scaffold_86_pilon,"scaffold_86_pilon:138136\A,\T",138136,1,19,T,A,0.316,-0.8333333,0.1557255,4.368288e-05
4061455,scaffold_31_pilon,"scaffold_31_pilon:3828959\A,\T",3828959,1,19,T,A,0.184,0.8333333,0.1557255,4.368288e-05
272160,chromosome_2_pilon,"chromosome_2_pilon:7837827\G,\A",7837827,1,19,A,G,0.184,-0.8333333,0.1557255,4.368288e-05
5347050,scaffold_61_pilon,"scaffold_61_pilon:816198\A,\T",816198,1,19,T,A,0.184,-0.8333333,0.1557255,4.368288e-05
6769142,scaffold_226_pilon,"scaffold_226_pilon:28271\G,\A",28271,1,19,A,G,0.184,-0.8333333,0.1557255,4.368288e-05
4581604,scaffold_40_pilon,"scaffold_40_pilon:3507560\C,\T",3507560,1,19,T,C,0.184,0.8333333,0.1557255,4.368288e-05
1233022,chromosome_7_pilon,"chromosome_7_pilon:14641976\A,\T",14641976,1,19,T,A,0.184,-0.8333333,0.1557255,4.368288e-05
6846569,scaffold_662_pilon,"scaffold_662_pilon:3847\G,\A",3847,1,19,A,G,0.184,0.8333333,0.1557255,4.368288e-05
6220803,scaffold_108_pilon,"scaffold_108_pilon:462785\G,\C",462785,1,19,C,G,0.184,-0.8333333,0.1557255,4.368288e-05
5837320,scaffold_82_pilon,"scaffold_82_pilon:328363\T,\C",328363,1,19,C,T,0.816,-0.8333333,0.1557255,4.368288e-05
1631837,chromosome_10_pilon,"chromosome_10_pilon:5030844\T,\C",5030844,1,19,C,T,0.816,-0.8333333,0.1557255,4.368288e-05
5901539,scaffold_86_pilon,"scaffold_86_pilon:138142\C,\T",138142,1,19,T,C,0.316,-0.8333333,0.1557255,4.368288e-05
1233021,chromosome_7_pilon,"chromosome_7_pilon:14641975\C,\T",14641975,1,19,T,C,0.184,-0.8333333,0.1557255,4.368288e-05
2765248,chromosome_18_pilon,"chromosome_18_pilon:7330673\T,\G",7330673,1,19,G,T,0.816,-0.8333333,0.1557255,4.368288e-05
1188628,chromosome_7_pilon,"chromosome_7_pilon:8561289\A,\C",8561289,1,19,C,A,0.184,-0.8333333,0.1557255,4.368288e-05
3880404,scaffold_29_pilon,"scaffold_29_pilon:460425\C,\T",460425,1,19,T,C,0.184,-0.8333333,0.1557255,4.368288e-05
3877225,scaffold_29_pilon,"scaffold_29_pilon:104450\C,\T",104450,1,19,T,C,0.184,-0.8333333,0.1557255,4.368288e-05
6536314,scaffold_147_pilon,"scaffold_147_pilon:673256\A,\G",673256,1,19,G,A,0.184,-0.8333333,0.1557255,4.368288e-05
6051307,scaffold_95_pilon,"scaffold_95_pilon:558672\C,\T",558672,1,19,T,C,0.316,-0.8333333,0.1557255,4.368288e-05
1219572,chromosome_7_pilon,"chromosome_7_pilon:13041128\C,\T",13041128,1,19,T,C,0.184,-0.8333333,0.1557255,4.368288e-05
5427701,scaffold_64_pilon,"scaffold_64_pilon:1795222\G,\A",1795222,1,19,A,G,0.184,0.8333333,0.1557255,4.368288e-05
3881007,scaffold_29_pilon,"scaffold_29_pilon:511545\T,\A",511545,1,19,A,T,0.316,-0.8333333,0.1557255,4.368288e-05
4168221,scaffold_33_pilon,"scaffold_33_pilon:2023459\G,\C",2023459,1,19,C,G,0.184,-0.8333333,0.1557255,4.368288e-05
3881006,scaffold_29_pilon,"scaffold_29_pilon:511544\T,\A",511544,1,19,A,T,0.316,-0.8333333,0.1557255,4.368288e-05
3884469,scaffold_29_pilon,"scaffold_29_pilon:968963\G,\A",968963,0,20,A,G,0.5,0.4375,0.08202092,4.532018e-05
1349844,chromosome_8_pilon,"chromosome_8_pilon:8421869\A,\T",8421869,1,19,T,A,0.5,-0.4375,0.08202092,4.532018e-05
3894499,scaffold_29_pilon,"scaffold_29_pilon:1974618\A,\G",1974618,0,20,G,A,0.45,-0.5084746,0.09579562,4.791122e-05
3888253,scaffold_29_pilon,"scaffold_29_pilon:1333169\G,\T",1333169,0,20,T,G,0.45,-0.5084746,0.09579562,4.791122e-05
3891950,scaffold_29_pilon,"scaffold_29_pilon:1714993\C,\G",1714993,0,20,G,C,0.45,0.5084746,0.09579562,4.791122e-05
3890080,scaffold_29_pilon,"scaffold_29_pilon:1514980\C,\T",1514980,0,20,T,C,0.55,-0.5084746,0.09579562,4.791122e-05
1213704,chromosome_7_pilon,"chromosome_7_pilon:12157393\G,\A",12157393,0,20,A,G,0.55,0.5084746,0.09579562,4.791122e-05
2763881,chromosome_18_pilon,"chromosome_18_pilon:7181878\G,\A",7181878,0,20,A,G,0.55,-0.5084746,0.09579562,4.791122e-05
4752635,scaffold_44_pilon,"scaffold_44_pilon:1691269\G,\A",1691269,0,20,A,G,0.55,-0.5084746,0.09579562,4.791122e-05
2902693,chromosome_19_pilon,"chromosome_19_pilon:8501271\T,\A",8501271,0,20,A,T,0.45,-0.5084746,0.09579562,4.791122e-05
1246391,chromosome_7_pilon,"chromosome_7_pilon:16362487\T,\C",16362487,0,20,C,T,0.55,-0.5084746,0.09579562,4.791122e-05
1358575,chromosome_8_pilon,"chromosome_8_pilon:9588133\G,\A",9588133,0,20,A,G,0.55,-0.5084746,0.09579562,4.791122e-05
1256673,chromosome_7_pilon,"chromosome_7_pilon:17612393\G,\T",17612393,0,20,T,G,0.45,0.5084746,0.09579562,4.791122e-05
205182,chromosome_1_pilon,"chromosome_1_pilon:24130408\A,\C",24130408,0,20,C,A,0.45,0.5084746,0.09579562,4.791122e-05
5435022,scaffold_64_pilon,"scaffold_64_pilon:2683323\C,\T",2683323,0,20,T,C,0.55,-0.5084746,0.09579562,4.791122e-05
647768,chromosome_4_pilon,"chromosome_4_pilon:8862195\T,\C",8862195,0,20,C,T,0.55,-0.5084746,0.09579562,4.791122e-05
4391004,scaffold_37_pilon,"scaffold_37_pilon:413048\T,\C",413048,0,20,C,T,0.45,-0.5084746,0.09579562,4.791122e-05
1228154,chromosome_7_pilon,"chromosome_7_pilon:14074370\C,\T",14074370,0,20,T,C,0.55,-0.5084746,0.09579562,4.791122e-05
6772749,scaffold_228_pilon,"scaffold_228_pilon:72582\T,\C",72582,0,20,C,T,0.65,-0.6097561,0.1149767,4.838446e-05
202420,chromosome_1_pilon,"chromosome_1_pilon:23731491\G,\T",23731491,0,20,T,G,0.35,-0.6097561,0.1149767,4.838446e-05
5700227,scaffold_75_pilon,"scaffold_75_pilon:2036376\C,\A",2036376,0,20,A,C,0.35,0.6097561,0.1149767,4.838446e-05
4771408,scaffold_44_pilon,"scaffold_44_pilon:4250134\C,\G",4250134,0,20,G,C,0.35,0.6097561,0.1149767,4.838446e-05
474383,chromosome_3_pilon,"chromosome_3_pilon:11198837\C,\A",11198837,0,20,A,C,0.35,-0.6097561,0.1149767,4.838446e-05
4769099,scaffold_44_pilon,"scaffold_44_pilon:3936306\A,\G",3936306,0,20,G,A,0.35,0.6097561,0.1149767,4.838446e-05
3884620,scaffold_29_pilon,"scaffold_29_pilon:985257\A,\T",985257,0,20,T,A,0.65,0.6097561,0.1149767,4.838446e-05
4768911,scaffold_44_pilon,"scaffold_44_pilon:3914980\G,\A",3914980,0,20,A,G,0.35,0.6097561,0.1149767,4.838446e-05
2956860,chromosome_20_pilon,"chromosome_20_pilon:735127\T,\C",735127,0,20,C,T,0.35,-0.6097561,0.1149767,4.838446e-05
5560799,scaffold_69_pilon,"scaffold_69_pilon:1041881\A,\G",1041881,0,20,G,A,0.35,-0.6097561,0.1149767,4.838446e-05
2877999,chromosome_19_pilon,"chromosome_19_pilon:5401110\G,\A",5401110,0,20,A,G,0.65,-0.6097561,0.1149767,4.838446e-05
2767388,chromosome_18_pilon,"chromosome_18_pilon:7494085\C,\T",7494085,0,20,T,C,0.35,-0.6097561,0.1149767,4.838446e-05
762475,chromosome_5_pilon,"chromosome_5_pilon:1882580\T,\A",1882580,0,20,A,T,0.35,-0.6097561,0.1149767,4.838446e-05
3891909,scaffold_29_pilon,"scaffold_29_pilon:1712735\A,\G",1712735,1,19,G,A,0.447,-0.5044643,0.09707469,6.077725e-05
642861,chromosome_4_pilon,"chromosome_4_pilon:8322379\G,\T",8322379,1,19,T,G,0.447,0.5044643,0.09707469,6.077725e-05
643246,chromosome_4_pilon,"chromosome_4_pilon:8354149\T,\A",8354149,1,19,A,T,0.447,0.5044643,0.09707469,6.077725e-05
643248,chromosome_4_pilon,"chromosome_4_pilon:8354155\T,\C",8354155,1,19,C,T,0.447,0.5044643,0.09707469,6.077725e-05
1213706,chromosome_7_pilon,"chromosome_7_pilon:12157425\G,\A",12157425,1,19,A,G,0.553,0.5044643,0.09707469,6.077725e-05
3891948,scaffold_29_pilon,"scaffold_29_pilon:1714888\C,\G",1714888,1,19,G,C,0.447,0.5044643,0.09707469,6.077725e-05
643247,chromosome_4_pilon,"chromosome_4_pilon:8354151\T,\C",8354151,1,19,C,T,0.447,0.5044643,0.09707469,6.077725e-05
1596351,chromosome_10_pilon,"chromosome_10_pilon:1190791\C,\T",1190791,1,19,T,C,0.447,-0.5044643,0.09707469,6.077725e-05
4748861,scaffold_44_pilon,"scaffold_44_pilon:1079684\T,\C",1079684,1,19,C,T,0.553,-0.5044643,0.09707469,6.077725e-05
3891946,scaffold_29_pilon,"scaffold_29_pilon:1714825\T,\C",1714825,1,19,C,T,0.5,-0.5,0.09622504,6.084359e-05
648643,chromosome_4_pilon,"chromosome_4_pilon:8968973\A,\G",8968973,0,20,G,A,0.5,0.5,0.09622504,6.084359e-05
3893057,scaffold_29_pilon,"scaffold_29_pilon:1811969\T,\G",1811969,1,19,G,T,0.5,-0.5,0.09622504,6.084359e-05
3891944,scaffold_29_pilon,"scaffold_29_pilon:1714737\C,\T",1714737,0,20,T,C,0.5,-0.5,0.09622504,6.084359e-05
3891947,scaffold_29_pilon,"scaffold_29_pilon:1714827\A,\G",1714827,1,19,G,A,0.5,-0.5,0.09622504,6.084359e-05
5401078,scaffold_63_pilon,"scaffold_63_pilon:765093\T,\C",765093,1,19,C,T,0.5,0.5,0.09622504,6.084359e-05
2597379,chromosome_17_pilon,"chromosome_17_pilon:3779551\T,\G",3779551,0,20,G,T,0.5,-0.5,0.09622504,6.084359e-05
5839980,scaffold_82_pilon,"scaffold_82_pilon:678088\T,\C",678088,0,20,C,T,0.5,-0.5,0.09622504,6.084359e-05
4760330,scaffold_44_pilon,"scaffold_44_pilon:2645312\C,\T",2645312,1,19,T,C,0.5,-0.5,0.09622504,6.084359e-05
5691497,scaffold_75_pilon,"scaffold_75_pilon:760122\G,\A",760122,0,20,A,G,0.5,-0.5,0.09622504,6.084359e-05
3893059,scaffold_29_pilon,"scaffold_29_pilon:1812078\A,\G",1812078,0,20,G,A,0.5,-0.5,0.09622504,6.084359e-05
3955417,scaffold_29_pilon,"scaffold_29_pilon:8228929\T,\C",8228929,1,19,C,T,0.5,-0.5,0.09622504,6.084359e-05
5691539,scaffold_75_pilon,"scaffold_75_pilon:771104\T,\A",771104,1,19,A,T,0.5,-0.5,0.09622504,6.084359e-05
5690221,scaffold_75_pilon,"scaffold_75_pilon:402916\A,\C",402916,1,19,C,A,0.5,-0.5,0.09622504,6.084359e-05
3891917,scaffold_29_pilon,"scaffold_29_pilon:1713093\G,\A",1713093,0,20,A,G,0.5,-0.5,0.09622504,6.084359e-05
5672753,scaffold_74_pilon,"scaffold_74_pilon:741987\T,\C",741987,1,19,C,T,0.5,0.5,0.09622504,6.084359e-05
5862234,scaffold_83_pilon,"scaffold_83_pilon:987094\A,\G",987094,1,19,G,A,0.5,0.5,0.09622504,6.084359e-05
1247055,chromosome_7_pilon,"chromosome_7_pilon:16444694\C,\T",16444694,0,20,T,C,0.5,0.5,0.09622504,6.084359e-05
5840142,scaffold_82_pilon,"scaffold_82_pilon:706594\T,\C",706594,1,19,C,T,0.5,-0.5,0.09622504,6.084359e-05
5691403,scaffold_75_pilon,"scaffold_75_pilon:730441\C,\T",730441,0,20,T,C,0.5,-0.5,0.09622504,6.084359e-05
3890209,scaffold_29_pilon,"scaffold_29_pilon:1531272\T,\C",1531272,1,19,C,T,0.5,-0.5,0.09622504,6.084359e-05
4408274,scaffold_37_pilon,"scaffold_37_pilon:2567788\G,\C",2567788,0,20,C,G,0.5,-0.5,0.09622504,6.084359e-05
5691540,scaffold_75_pilon,"scaffold_75_pilon:771121\G,\C",771121,1,19,C,G,0.5,-0.5,0.09622504,6.084359e-05
4751636,scaffold_44_pilon,"scaffold_44_pilon:1532484\G,\A",1532484,0,20,A,G,0.5,-0.5,0.09622504,6.084359e-05
3621818,scaffold_26_pilon,"scaffold_26_pilon:2511158\T,\C",2511158,0,20,C,T,0.5,-0.5,0.09622504,6.084359e-05
643390,chromosome_4_pilon,"chromosome_4_pilon:8368167\A,\G",8368167,0,20,G,A,0.5,-0.5,0.09622504,6.084359e-05
3891974,scaffold_29_pilon,"scaffold_29_pilon:1717201\A,\G",1717201,0,20,G,A,0.5,-0.5,0.09622504,6.084359e-05
5872642,scaffold_83_pilon,"scaffold_83_pilon:2149203\A,\G",2149203,1,19,G,A,0.579,-0.4528986,0.08790329,6.685817e-05
5862250,scaffold_83_pilon,"scaffold_83_pilon:988779\G,\A",988779,1,19,A,G,0.579,-0.4528986,0.08790329,6.685817e-05
4388298,scaffold_37_pilon,"scaffold_37_pilon:93346\G,\A",93346,1,19,A,G,0.579,-0.4528986,0.08790329,6.685817e-05
3816333,scaffold_28_pilon,"scaffold_28_pilon:2990562\G,\A",2990562,1,19,A,G,0.368,-0.5543478,0.1077556,6.79803e-05
6053424,scaffold_95_pilon,"scaffold_95_pilon:768311\T,\C",768311,1,19,C,T,0.368,-0.5543478,0.1077556,6.79803e-05
1988819,chromosome_12_pilon,"chromosome_12_pilon:10521071\T,\C",10521071,1,19,C,T,0.632,-0.5543478,0.1077556,6.79803e-05
1921976,chromosome_12_pilon,"chromosome_12_pilon:2199798\G,\A",2199798,1,19,A,G,0.368,-0.5543478,0.1077556,6.79803e-05
5636197,scaffold_72_pilon,"scaffold_72_pilon:2058040\T,\C",2058040,1,19,C,T,0.632,-0.4653846,0.09092175,7.188653e-05
5636196,scaffold_72_pilon,"scaffold_72_pilon:2058036\G,\T",2058036,1,19,T,G,0.632,-0.4653846,0.09092175,7.188653e-05
641850,chromosome_4_pilon,"chromosome_4_pilon:8235200\A,\G",8235200,1,19,G,A,0.368,0.4653846,0.09092175,7.188653e-05
1587089,chromosome_9_pilon,"chromosome_9_pilon:19164152\T,\C",19164152,1,19,C,T,0.368,0.4653846,0.09092175,7.188653e-05
648631,chromosome_4_pilon,"chromosome_4_pilon:8967800\A,\G",8967800,1,19,G,A,0.421,0.53,0.1038428,7.419031e-05
648658,chromosome_4_pilon,"chromosome_4_pilon:8971244\G,\T",8971244,1,19,T,G,0.421,0.53,0.1038428,7.419031e-05
4410550,scaffold_37_pilon,"scaffold_37_pilon:2847387\G,\A",2847387,1,19,A,G,0.421,0.53,0.1038428,7.419031e-05
5435023,scaffold_64_pilon,"scaffold_64_pilon:2683347\A,\G",2683347,1,19,G,A,0.579,-0.53,0.1038428,7.419031e-05
1222648,chromosome_7_pilon,"chromosome_7_pilon:13406116\A,\T",13406116,1,19,T,A,0.421,0.53,0.1038428,7.419031e-05
5435024,scaffold_64_pilon,"scaffold_64_pilon:2683348\C,\A",2683348,1,19,A,C,0.579,-0.53,0.1038428,7.419031e-05
3816046,scaffold_28_pilon,"scaffold_28_pilon:2957008\T,\C",2957008,0,20,C,T,0.35,-0.4918033,0.09659929,7.624807e-05
3892352,scaffold_29_pilon,"scaffold_29_pilon:1752762\G,\A",1752762,0,20,A,G,0.35,0.4918033,0.09659929,7.624807e-05
1361737,chromosome_8_pilon,"chromosome_8_pilon:9968810\C,\T",9968810,0,20,T,C,0.35,-0.4918033,0.09659929,7.624807e-05
1442852,chromosome_8_pilon,"chromosome_8_pilon:19001262\C,\T",19001262,0,20,T,C,0.65,-0.4918033,0.09659929,7.624807e-05
3892353,scaffold_29_pilon,"scaffold_29_pilon:1752786\C,\T",1752786,0,20,T,C,0.35,0.4918033,0.09659929,7.624807e-05
3621660,scaffold_26_pilon,"scaffold_26_pilon:2495977\G,\A",2495977,0,20,A,G,0.35,0.4918033,0.09659929,7.624807e-05
4387890,scaffold_37_pilon,"scaffold_37_pilon:53644\G,\A",53644,0,20,A,G,0.35,-0.4918033,0.09659929,7.624807e-05
3815172,scaffold_28_pilon,"scaffold_28_pilon:2844494\T,\C",2844494,0,20,C,T,0.35,-0.4918033,0.09659929,7.624807e-05
3853847,scaffold_28_pilon,"scaffold_28_pilon:6929681\G,\A",6929681,0,20,A,G,0.35,-0.4918033,0.09659929,7.624807e-05
4392785,scaffold_37_pilon,"scaffold_37_pilon:616189\C,\T",616189,0,20,T,C,0.65,-0.4918033,0.09659929,7.624807e-05
5676864,scaffold_74_pilon,"scaffold_74_pilon:1225542\A,\G",1225542,0,20,G,A,0.35,-0.4918033,0.09659929,7.624807e-05
6259820,scaffold_111_pilon,"scaffold_111_pilon:1401392\C,\T",1401392,1,19,T,C,0.237,0.7888889,0.1551361,7.724536e-05
1244805,chromosome_7_pilon,"chromosome_7_pilon:16194033\C,\A",16194033,1,19,A,C,0.237,-0.7888889,0.1551361,7.724536e-05
3413178,chromosome_24_pilon,"chromosome_24_pilon:4076906\C,\A",4076906,1,19,A,C,0.263,0.7888889,0.1551361,7.724536e-05
2870897,chromosome_19_pilon,"chromosome_19_pilon:4593230\A,\C",4593230,1,19,C,A,0.263,0.7888889,0.1551361,7.724536e-05
3855276,scaffold_28_pilon,"scaffold_28_pilon:7135488\A,\G",7135488,1,19,G,A,0.263,-0.7888889,0.1551361,7.724536e-05
1392350,chromosome_8_pilon,"chromosome_8_pilon:13089307\T,\G",13089307,1,19,G,T,0.237,0.7888889,0.1551361,7.724536e-05
2877789,chromosome_19_pilon,"chromosome_19_pilon:5378606\C,\T",5378606,1,19,T,C,0.263,0.7888889,0.1551361,7.724536e-05
2870912,chromosome_19_pilon,"chromosome_19_pilon:4596133\C,\T",4596133,1,19,T,C,0.263,0.7888889,0.1551361,7.724536e-05
5025474,scaffold_51_pilon,"scaffold_51_pilon:831152\A,\G",831152,1,19,G,A,0.263,-0.7888889,0.1551361,7.724536e-05
5025475,scaffold_51_pilon,"scaffold_51_pilon:831158\A,\G",831158,1,19,G,A,0.263,-0.7888889,0.1551361,7.724536e-05
5637190,scaffold_72_pilon,"scaffold_72_pilon:2177901\G,\A",2177901,1,19,A,G,0.237,0.7888889,0.1551361,7.724536e-05
4520215,scaffold_39_pilon,"scaffold_39_pilon:2456036\A,\C",2456036,1,19,C,A,0.237,-0.7888889,0.1551361,7.724536e-05
5788104,scaffold_79_pilon,"scaffold_79_pilon:1676515\G,\A",1676515,1,19,A,G,0.263,-0.7888889,0.1551361,7.724536e-05
4520226,scaffold_39_pilon,"scaffold_39_pilon:2457542\T,\C",2457542,1,19,C,T,0.237,-0.7888889,0.1551361,7.724536e-05
6354435,scaffold_123_pilon,"scaffold_123_pilon:584070\A,\G",584070,1,19,G,A,0.737,-0.7888889,0.1551361,7.724536e-05
3413179,chromosome_24_pilon,"chromosome_24_pilon:4076913\T,\C",4076913,1,19,C,T,0.263,0.7888889,0.1551361,7.724536e-05
1235182,chromosome_7_pilon,"chromosome_7_pilon:14892758\C,\T",14892758,1,19,T,C,0.237,-0.7888889,0.1551361,7.724536e-05
205400,chromosome_1_pilon,"chromosome_1_pilon:24161180\G,\T",24161180,0,20,T,G,0.275,-0.647482,0.1291406,9.011544e-05
3810378,scaffold_28_pilon,"scaffold_28_pilon:2151604\A,\T",2151604,0,20,T,A,0.225,-0.647482,0.1291406,9.011544e-05
3834834,scaffold_28_pilon,"scaffold_28_pilon:4552008\A,\G",4552008,0,20,G,A,0.225,-0.647482,0.1291406,9.011544e-05
3839831,scaffold_28_pilon,"scaffold_28_pilon:5158806\A,\G",5158806,0,20,G,A,0.275,-0.647482,0.1291406,9.011544e-05
3893248,scaffold_29_pilon,"scaffold_29_pilon:1827748\T,\C",1827748,0,20,C,T,0.225,-0.647482,0.1291406,9.011544e-05
3851128,scaffold_28_pilon,"scaffold_28_pilon:6513979\C,\T",6513979,0,20,T,C,0.275,-0.647482,0.1291406,9.011544e-05
3839832,scaffold_28_pilon,"scaffold_28_pilon:5158943\C,\T",5158943,0,20,T,C,0.225,-0.647482,0.1291406,9.011544e-05
3893206,scaffold_29_pilon,"scaffold_29_pilon:1823676\G,\A",1823676,0,20,A,G,0.225,-0.647482,0.1291406,9.011544e-05
4529638,scaffold_39_pilon,"scaffold_39_pilon:3396860\C,\T",3396860,0,20,T,C,0.275,-0.647482,0.1291406,9.011544e-05
3816179,scaffold_28_pilon,"scaffold_28_pilon:2972247\A,\C",2972247,0,20,C,A,0.225,-0.647482,0.1291406,9.011544e-05
3851145,scaffold_28_pilon,"scaffold_28_pilon:6515985\C,\T",6515985,0,20,T,C,0.275,-0.647482,0.1291406,9.011544e-05
5973614,scaffold_90_pilon,"scaffold_90_pilon:480487\G,\A",480487,0,20,A,G,0.275,0.647482,0.1291406,9.011544e-05
3827498,scaffold_28_pilon,"scaffold_28_pilon:3956202\T,\C",3956202,0,20,C,T,0.225,-0.647482,0.1291406,9.011544e-05
6332316,scaffold_120_pilon,"scaffold_120_pilon:1165942\T,\A",1165942,0,20,A,T,0.725,-0.647482,0.1291406,9.011544e-05
5994542,scaffold_91_pilon,"scaffold_91_pilon:1411258\T,\A",1411258,0,20,A,T,0.225,-0.647482,0.1291406,9.011544e-05
6445843,scaffold_132_pilon,"scaffold_132_pilon:859278\C,\T",859278,0,20,T,C,0.275,-0.647482,0.1291406,9.011544e-05
1923698,chromosome_12_pilon,"chromosome_12_pilon:2370987\T,\G",2370987,0,20,G,T,0.225,-0.647482,0.1291406,9.011544e-05
3915589,scaffold_29_pilon,"scaffold_29_pilon:4053754\G,\A",4053754,0,20,A,G,0.275,0.647482,0.1291406,9.011544e-05
4391059,scaffold_37_pilon,"scaffold_37_pilon:419308\A,\G",419308,0,20,G,A,0.225,-0.647482,0.1291406,9.011544e-05
4412586,scaffold_37_pilon,"scaffold_37_pilon:3080920\G,\A",3080920,0,20,A,G,0.225,-0.647482,0.1291406,9.011544e-05
3850849,scaffold_28_pilon,"scaffold_28_pilon:6478935\C,\T",6478935,0,20,T,C,0.275,-0.647482,0.1291406,9.011544e-05
557888,chromosome_4_pilon,"chromosome_4_pilon:65250\C,\T",65250,0,20,T,C,0.275,-0.647482,0.1291406,9.011544e-05
3957268,scaffold_29_pilon,"scaffold_29_pilon:8452550\G,\T",8452550,0,20,T,G,0.225,-0.647482,0.1291406,9.011544e-05
3843583,scaffold_28_pilon,"scaffold_28_pilon:5630342\C,\A",5630342,0,20,A,C,0.225,-0.647482,0.1291406,9.011544e-05
3884311,scaffold_29_pilon,"scaffold_29_pilon:951348\A,\T",951348,0,20,T,A,0.725,-0.647482,0.1291406,9.011544e-05
3884312,scaffold_29_pilon,"scaffold_29_pilon:951360\G,\A",951360,0,20,A,G,0.725,-0.647482,0.1291406,9.011544e-05
6671469,scaffold_182_pilon,"scaffold_182_pilon:62286\T,\A",62286,0,20,A,T,0.225,-0.647482,0.1291406,9.011544e-05
6536271,scaffold_147_pilon,"scaffold_147_pilon:671424\A,\T",671424,0,20,T,A,0.225,-0.647482,0.1291406,9.011544e-05
1241776,chromosome_7_pilon,"chromosome_7_pilon:15853865\C,\T",15853865,0,20,T,C,0.225,-0.647482,0.1291406,9.011544e-05
3841758,scaffold_28_pilon,"scaffold_28_pilon:5382531\T,\C",5382531,0,20,C,T,0.225,-0.647482,0.1291406,9.011544e-05
6536315,scaffold_147_pilon,"scaffold_147_pilon:673541\A,\G",673541,0,20,G,A,0.225,-0.647482,0.1291406,9.011544e-05
6537071,scaffold_148_pilon,"scaffold_148_pilon:42768\A,\G",42768,0,20,G,A,0.225,-0.647482,0.1291406,9.011544e-05
6537070,scaffold_148_pilon,"scaffold_148_pilon:42757\C,\T",42757,0,20,T,C,0.225,-0.647482,0.1291406,9.011544e-05
5673952,scaffold_74_pilon,"scaffold_74_pilon:858906\A,\G",858906,0,20,G,A,0.225,-0.647482,0.1291406,9.011544e-05
1388635,chromosome_8_pilon,"chromosome_8_pilon:12745611\A,\G",12745611,0,20,G,A,0.225,0.647482,0.1291406,9.011544e-05
3838776,scaffold_28_pilon,"scaffold_28_pilon:5014726\C,\T",5014726,0,20,T,C,0.225,-0.647482,0.1291406,9.011544e-05
3833922,scaffold_28_pilon,"scaffold_28_pilon:4449800\T,\A",4449800,0,20,A,T,0.275,0.647482,0.1291406,9.011544e-05
1262664,chromosome_7_pilon,"chromosome_7_pilon:18261835\G,\C",18261835,0,20,C,G,0.275,-0.647482,0.1291406,9.011544e-05
6332318,scaffold_120_pilon,"scaffold_120_pilon:1165949\C,\T",1165949,0,20,T,C,0.725,-0.647482,0.1291406,9.011544e-05
3825330,scaffold_28_pilon,"scaffold_28_pilon:3807148\C,\T",3807148,0,20,T,C,0.225,-0.647482,0.1291406,9.011544e-05
4166092,scaffold_33_pilon,"scaffold_33_pilon:1818800\A,\G",1818800,0,20,G,A,0.225,-0.647482,0.1291406,9.011544e-05
3610347,scaffold_26_pilon,"scaffold_26_pilon:835308\T,\C",835308,0,20,C,T,0.225,-0.647482,0.1291406,9.011544e-05
3956570,scaffold_29_pilon,"scaffold_29_pilon:8357362\C,\G",8357362,0,20,G,C,0.775,0.647482,0.1291406,9.011544e-05
5680019,scaffold_74_pilon,"scaffold_74_pilon:1466925\A,\G",1466925,0,20,G,A,0.225,-0.647482,0.1291406,9.011544e-05
1985491,chromosome_12_pilon,"chromosome_12_pilon:10078774\C,\T",10078774,0,20,T,C,0.275,0.647482,0.1291406,9.011544e-05
4540785,scaffold_39_pilon,"scaffold_39_pilon:5069162\A,\G",5069162,0,20,G,A,0.275,-0.647482,0.1291406,9.011544e-05
3826213,scaffold_28_pilon,"scaffold_28_pilon:3887662\T,\A",3887662,0,20,A,T,0.225,-0.647482,0.1291406,9.011544e-05
3843706,scaffold_28_pilon,"scaffold_28_pilon:5642167\T,\G",5642167,0,20,G,T,0.225,-0.647482,0.1291406,9.011544e-05
3934341,scaffold_29_pilon,"scaffold_29_pilon:6046330\C,\T",6046330,0,20,T,C,0.225,0.647482,0.1291406,9.011544e-05
3850721,scaffold_28_pilon,"scaffold_28_pilon:6467247\G,\T",6467247,0,20,T,G,0.275,-0.647482,0.1291406,9.011544e-05
5674621,scaffold_74_pilon,"scaffold_74_pilon:946768\T,\C",946768,0,20,C,T,0.225,-0.647482,0.1291406,9.011544e-05
2770035,chromosome_18_pilon,"chromosome_18_pilon:7706371\T,\C",7706371,0,20,C,T,0.725,-0.647482,0.1291406,9.011544e-05
1981065,chromosome_12_pilon,"chromosome_12_pilon:9490305\C,\A",9490305,0,20,A,C,0.225,0.647482,0.1291406,9.011544e-05
437614,chromosome_3_pilon,"chromosome_3_pilon:6148592\A,\T",6148592,0,20,T,A,0.275,-0.647482,0.1291406,9.011544e-05
5673953,scaffold_74_pilon,"scaffold_74_pilon:858914\C,\G",858914,0,20,G,C,0.225,-0.647482,0.1291406,9.011544e-05
1244545,chromosome_7_pilon,"chromosome_7_pilon:16172699\G,\T",16172699,0,20,T,G,0.275,-0.647482,0.1291406,9.011544e-05
1389410,chromosome_8_pilon,"chromosome_8_pilon:12814659\G,\T",12814659,0,20,T,G,0.275,-0.647482,0.1291406,9.011544e-05
3879455,scaffold_29_pilon,"scaffold_29_pilon:351499\T,\C",351499,0,20,C,T,0.225,-0.647482,0.1291406,9.011544e-05
3833967,scaffold_28_pilon,"scaffold_28_pilon:4452389\G,\A",4452389,0,20,A,G,0.275,-0.647482,0.1291406,9.011544e-05
6332317,scaffold_120_pilon,"scaffold_120_pilon:1165948\T,\A",1165948,0,20,A,T,0.725,-0.647482,0.1291406,9.011544e-05
1255863,chromosome_7_pilon,"chromosome_7_pilon:17533949\T,\C",17533949,0,20,C,T,0.225,-0.647482,0.1291406,9.011544e-05
3891105,scaffold_29_pilon,"scaffold_29_pilon:1615635\A,\T",1615635,0,20,T,A,0.275,-0.647482,0.1291406,9.011544e-05
1178352,chromosome_7_pilon,"chromosome_7_pilon:7168193\A,\G",7168193,0,20,G,A,0.275,-0.647482,0.1291406,9.011544e-05
1632066,chromosome_10_pilon,"chromosome_10_pilon:5052034\A,\G",5052034,0,20,G,A,0.775,-0.647482,0.1291406,9.011544e-05
3616127,scaffold_26_pilon,"scaffold_26_pilon:1796360\A,\G",1796360,0,20,G,A,0.725,-0.647482,0.1291406,9.011544e-05
1256942,chromosome_7_pilon,"chromosome_7_pilon:17638832\A,\G",17638832,0,20,G,A,0.225,-0.647482,0.1291406,9.011544e-05
3834998,scaffold_28_pilon,"scaffold_28_pilon:4568270\G,\A",4568270,0,20,A,G,0.225,0.647482,0.1291406,9.011544e-05
6757898,scaffold_219_pilon,"scaffold_219_pilon:139544\T,\C",139544,0,20,C,T,0.225,-0.647482,0.1291406,9.011544e-05
5836864,scaffold_82_pilon,"scaffold_82_pilon:260708\T,\C",260708,0,20,C,T,0.275,0.647482,0.1291406,9.011544e-05
5684337,scaffold_74_pilon,"scaffold_74_pilon:2122485\A,\G",2122485,0,20,G,A,0.225,-0.647482,0.1291406,9.011544e-05
6757900,scaffold_219_pilon,"scaffold_219_pilon:139547\A,\G",139547,0,20,G,A,0.225,-0.647482,0.1291406,9.011544e-05
3894186,scaffold_29_pilon,"scaffold_29_pilon:1936514\A,\T",1936514,0,20,T,A,0.725,-0.647482,0.1291406,9.011544e-05
6464948,scaffold_134_pilon,"scaffold_134_pilon:508977\C,\G",508977,0,20,G,C,0.225,0.647482,0.1291406,9.011544e-05
3851420,scaffold_28_pilon,"scaffold_28_pilon:6563190\G,\A",6563190,0,20,A,G,0.225,-0.647482,0.1291406,9.011544e-05
6757899,scaffold_219_pilon,"scaffold_219_pilon:139546\A,\G",139546,0,20,G,A,0.225,-0.647482,0.1291406,9.011544e-05
1731503,chromosome_10_pilon,"chromosome_10_pilon:17462146\A,\G",17462146,0,20,G,A,0.275,-0.647482,0.1291406,9.011544e-05
3423602,chromosome_24_pilon,"chromosome_24_pilon:5271730\G,\A",5271730,0,20,A,G,0.725,-0.647482,0.1291406,9.011544e-05
1249784,chromosome_7_pilon,"chromosome_7_pilon:16797244\A,\T",16797244,0,20,T,A,0.275,-0.647482,0.1291406,9.011544e-05
2744024,chromosome_18_pilon,"chromosome_18_pilon:5222943\G,\A",5222943,0,20,A,G,0.275,0.647482,0.1291406,9.011544e-05
6311136,scaffold_118_pilon,"scaffold_118_pilon:960040\G,\A",960040,0,20,A,G,0.725,-0.647482,0.1291406,9.011544e-05
3423601,chromosome_24_pilon,"chromosome_24_pilon:5271728\A,\G",5271728,0,20,G,A,0.725,-0.647482,0.1291406,9.011544e-05
5500472,scaffold_66_pilon,"scaffold_66_pilon:2965903\G,\T",2965903,0,20,T,G,0.225,0.647482,0.1291406,9.011544e-05
3837749,scaffold_28_pilon,"scaffold_28_pilon:4874202\C,\T",4874202,0,20,T,C,0.225,-0.647482,0.1291406,9.011544e-05
226685,chromosome_2_pilon,"chromosome_2_pilon:1553090\G,\A",1553090,0,20,A,G,0.225,-0.647482,0.1291406,9.011544e-05
6075620,scaffold_96_pilon,"scaffold_96_pilon:1716453\C,\T",1716453,0,20,T,C,0.225,-0.647482,0.1291406,9.011544e-05
3886992,scaffold_29_pilon,"scaffold_29_pilon:1200003\A,\G",1200003,0,20,G,A,0.275,-0.647482,0.1291406,9.011544e-05
3825630,scaffold_28_pilon,"scaffold_28_pilon:3834002\C,\T",3834002,0,20,T,C,0.325,-0.4467354,0.08946449,9.416948e-05
3883237,scaffold_29_pilon,"scaffold_29_pilon:829800\T,\C",829800,0,20,C,T,0.425,-0.4467354,0.08946449,9.416948e-05
628724,chromosome_4_pilon,"chromosome_4_pilon:6677511\C,\A",6677511,0,20,A,C,0.425,0.4467354,0.08946449,9.416948e-05
5401084,scaffold_63_pilon,"scaffold_63_pilon:765871\C,\T",765871,0,20,T,C,0.325,-0.4467354,0.08946449,9.416948e-05
4541249,scaffold_39_pilon,"scaffold_39_pilon:5140604\G,\A",5140604,0,20,A,G,0.575,0.4467354,0.08946449,9.416948e-05
641615,chromosome_4_pilon,"chromosome_4_pilon:8215102\T,\C",8215102,0,20,C,T,0.425,-0.4467354,0.08946449,9.416948e-05
4706671,scaffold_43_pilon,"scaffold_43_pilon:1928319\C,\T",1928319,0,20,T,C,0.425,-0.4467354,0.08946449,9.416948e-05
3807849,scaffold_28_pilon,"scaffold_28_pilon:1793686\G,\C",1793686,0,20,C,G,0.325,-0.4467354,0.08946449,9.416948e-05
4539703,scaffold_39_pilon,"scaffold_39_pilon:4907017\A,\T",4907017,0,20,T,A,0.425,0.4467354,0.08946449,9.416948e-05
5837101,scaffold_82_pilon,"scaffold_82_pilon:297120\T,\A",297120,0,20,A,T,0.575,-0.4467354,0.08946449,9.416948e-05
629760,chromosome_4_pilon,"chromosome_4_pilon:6784718\T,\C",6784718,0,20,C,T,0.575,-0.4467354,0.08946449,9.416948e-05
1362317,chromosome_8_pilon,"chromosome_8_pilon:10045629\T,\C",10045629,0,20,C,T,0.575,-0.4467354,0.08946449,9.416948e-05
3853715,scaffold_28_pilon,"scaffold_28_pilon:6913155\C,\T",6913155,0,20,T,C,0.425,-0.4467354,0.08946449,9.416948e-05
5861882,scaffold_83_pilon,"scaffold_83_pilon:956769\T,\C",956769,0,20,C,T,0.325,0.4467354,0.08946449,9.416948e-05
5872626,scaffold_83_pilon,"scaffold_83_pilon:2147777\A,\G",2147777,0,20,G,A,0.575,-0.4467354,0.08946449,9.416948e-05
4392833,scaffold_37_pilon,"scaffold_37_pilon:619725\C,\T",619725,0,20,T,C,0.575,-0.4467354,0.08946449,9.416948e-05
5859928,scaffold_83_pilon,"scaffold_83_pilon:772098\A,\C",772098,0,20,C,A,0.425,0.4467354,0.08946449,9.416948e-05
3897271,scaffold_29_pilon,"scaffold_29_pilon:2275250\G,\A",2275250,0,20,A,G,0.425,-0.4467354,0.08946449,9.416948e-05
2903128,chromosome_19_pilon,"chromosome_19_pilon:8569070\G,\A",8569070,0,20,A,G,0.425,-0.4467354,0.08946449,9.416948e-05
5787075,scaffold_79_pilon,"scaffold_79_pilon:1515200\C,\T",1515200,0,20,T,C,0.675,-0.4467354,0.08946449,9.416948e-05
6354617,scaffold_123_pilon,"scaffold_123_pilon:594495\T,\G",594495,0,20,G,T,0.575,-0.4467354,0.08946449,9.416948e-05
2903129,chromosome_19_pilon,"chromosome_19_pilon:8569076\A,\G",8569076,0,20,G,A,0.425,-0.4467354,0.08946449,9.416948e-05
653513,chromosome_4_pilon,"chromosome_4_pilon:9575283\C,\A",9575283,0,20,A,C,0.425,-0.4467354,0.08946449,9.416948e-05
3621827,scaffold_26_pilon,"scaffold_26_pilon:2511745\G,\A",2511745,0,20,A,G,0.575,-0.4467354,0.08946449,9.416948e-05
3923217,scaffold_29_pilon,"scaffold_29_pilon:4834043\A,\C",4834043,1,19,C,A,0.316,0.6721311,0.134769,9.543283e-05
5697544,scaffold_75_pilon,"scaffold_75_pilon:1785672\T,\C",1785672,1,19,C,T,0.342,0.5974026,0.1201835,9.891184e-05
4387924,scaffold_37_pilon,"scaffold_37_pilon:56498\T,\C",56498,1,19,C,T,0.342,-0.5974026,0.1201835,9.891184e-05
5971609,scaffold_90_pilon,"scaffold_90_pilon:284246\A,\T",284246,1,19,T,A,0.342,0.5974026,0.1201835,9.891184e-05
2905944,chromosome_19_pilon,"chromosome_19_pilon:9006083\C,\T",9006083,0,20,T,C,0.325,-0.521327,0.1059748,0.0001105816
957536,chromosome_6_pilon,"chromosome_6_pilon:3257704\A,\C",3257704,0,20,C,A,0.325,0.521327,0.1059748,0.0001105816
2247526,chromosome_14_pilon,"chromosome_14_pilon:7687670\C,\A",7687670,0,20,A,C,0.425,-0.521327,0.1059748,0.0001105816
5859955,scaffold_83_pilon,"scaffold_83_pilon:774145\C,\A",774145,0,20,A,C,0.325,0.521327,0.1059748,0.0001105816
4389573,scaffold_37_pilon,"scaffold_37_pilon:239700\C,\T",239700,0,20,T,C,0.325,-0.521327,0.1059748,0.0001105816
1986824,chromosome_12_pilon,"chromosome_12_pilon:10276663\A,\T",10276663,0,20,T,A,0.675,-0.521327,0.1059748,0.0001105816
3893055,scaffold_29_pilon,"scaffold_29_pilon:1811816\C,\T",1811816,0,20,T,C,0.425,-0.521327,0.1059748,0.0001105816
5561929,scaffold_69_pilon,"scaffold_69_pilon:1207551\A,\G",1207551,0,20,G,A,0.325,-0.521327,0.1059748,0.0001105816
5860044,scaffold_83_pilon,"scaffold_83_pilon:778953\A,\G",778953,0,20,G,A,0.325,0.521327,0.1059748,0.0001105816
1529243,chromosome_9_pilon,"chromosome_9_pilon:11804076\A,\G",11804076,0,20,G,A,0.425,-0.521327,0.1059748,0.0001105816
5677837,scaffold_74_pilon,"scaffold_74_pilon:1330260\C,\T",1330260,0,20,T,C,0.325,-0.521327,0.1059748,0.0001105816
5021388,scaffold_51_pilon,"scaffold_51_pilon:217964\G,\T",217964,0,20,T,G,0.325,-0.521327,0.1059748,0.0001105816
638931,chromosome_4_pilon,"chromosome_4_pilon:7917867\A,\G",7917867,0,20,G,A,0.425,0.521327,0.1059748,0.0001105816
5859956,scaffold_83_pilon,"scaffold_83_pilon:774146\A,\G",774146,0,20,G,A,0.325,0.521327,0.1059748,0.0001105816
4409692,scaffold_37_pilon,"scaffold_37_pilon:2748312\C,\T",2748312,0,20,T,C,0.425,0.521327,0.1059748,0.0001105816
3816326,scaffold_28_pilon,"scaffold_28_pilon:2989889\T,\C",2989889,0,20,C,T,0.425,-0.521327,0.1059748,0.0001105816
3816325,scaffold_28_pilon,"scaffold_28_pilon:2989886\A,\C",2989886,0,20,C,A,0.425,-0.521327,0.1059748,0.0001105816
1671819,chromosome_10_pilon,"chromosome_10_pilon:10780475\C,\T",10780475,0,20,T,C,0.675,-0.521327,0.1059748,0.0001105816
647389,chromosome_4_pilon,"chromosome_4_pilon:8819572\T,\A",8819572,0,20,A,T,0.575,-0.521327,0.1059748,0.0001105816
5460709,scaffold_65_pilon,"scaffold_65_pilon:2024862\T,\G",2024862,0,20,G,T,0.425,0.521327,0.1059748,0.0001105816
6354638,scaffold_123_pilon,"scaffold_123_pilon:595893\C,\G",595893,0,20,G,C,0.675,-0.521327,0.1059748,0.0001105816
5561674,scaffold_69_pilon,"scaffold_69_pilon:1156196\T,\C",1156196,0,20,C,T,0.425,-0.521327,0.1059748,0.0001105816
1749620,chromosome_11_pilon,"chromosome_11_pilon:245556\T,\C",245556,0,20,C,T,0.575,-0.521327,0.1059748,0.0001105816
3414850,chromosome_24_pilon,"chromosome_24_pilon:4243929\C,\G",4243929,0,20,G,C,0.325,0.521327,0.1059748,0.0001105816
2919245,chromosome_19_pilon,"chromosome_19_pilon:10615609\A,\G",10615609,0,20,G,A,0.675,-0.521327,0.1059748,0.0001105816
4690684,scaffold_43_pilon,"scaffold_43_pilon:319469\T,\C",319469,0,20,C,T,0.425,-0.521327,0.1059748,0.0001105816
3846428,scaffold_28_pilon,"scaffold_28_pilon:5922938\C,\T",5922938,0,20,T,C,0.325,-0.521327,0.1059748,0.0001105816
1657672,chromosome_10_pilon,"chromosome_10_pilon:8317183\C,\G",8317183,0,20,G,C,0.325,-0.521327,0.1059748,0.0001105816
3815739,scaffold_28_pilon,"scaffold_28_pilon:2920736\G,\A",2920736,0,20,A,G,0.325,-0.521327,0.1059748,0.0001105816
3424726,chromosome_24_pilon,"chromosome_24_pilon:5389919\C,\A",5389919,0,20,A,C,0.575,-0.521327,0.1059748,0.0001105816
1353180,chromosome_8_pilon,"chromosome_8_pilon:8819681\A,\G",8819681,0,20,G,A,0.325,0.521327,0.1059748,0.0001105816
1222613,chromosome_7_pilon,"chromosome_7_pilon:13402228\A,\G",13402228,0,20,G,A,0.675,-0.521327,0.1059748,0.0001105816
4389574,scaffold_37_pilon,"scaffold_37_pilon:239763\C,\T",239763,0,20,T,C,0.325,-0.521327,0.1059748,0.0001105816
4529014,scaffold_39_pilon,"scaffold_39_pilon:3330105\A,\C",3330105,0,20,C,A,0.425,-0.521327,0.1059748,0.0001105816
6331983,scaffold_120_pilon,"scaffold_120_pilon:1108907\A,\C",1108907,0,20,C,A,0.675,-0.521327,0.1059748,0.0001105816
2041467,chromosome_13_pilon,"chromosome_13_pilon:271614\G,\C",271614,0,20,C,G,0.425,-0.521327,0.1059748,0.0001105816
3962931,scaffold_29_pilon,"scaffold_29_pilon:9206851\G,\A",9206851,0,20,A,G,0.675,-0.521327,0.1059748,0.0001105816
2906942,chromosome_19_pilon,"chromosome_19_pilon:9189407\T,\C",9189407,0,20,C,T,0.675,-0.521327,0.1059748,0.0001105816
3613603,scaffold_26_pilon,"scaffold_26_pilon:1410174\C,\T",1410174,0,20,T,C,0.325,-0.521327,0.1059748,0.0001105816
1224177,chromosome_7_pilon,"chromosome_7_pilon:13616642\T,\C",13616642,0,20,C,T,0.325,0.521327,0.1059748,0.0001105816
3417590,chromosome_24_pilon,"chromosome_24_pilon:4560554\G,\A",4560554,0,20,A,G,0.425,0.521327,0.1059748,0.0001105816
655069,chromosome_4_pilon,"chromosome_4_pilon:9816820\A,\C",9816820,0,20,C,A,0.425,-0.521327,0.1059748,0.0001105816
5690489,scaffold_75_pilon,"scaffold_75_pilon:474803\T,\C",474803,0,20,C,T,0.425,-0.521327,0.1059748,0.0001105816
6568656,scaffold_155_pilon,"scaffold_155_pilon:427832\T,\C",427832,0,20,C,T,0.325,-0.521327,0.1059748,0.0001105816
5856520,scaffold_83_pilon,"scaffold_83_pilon:445896\T,\C",445896,0,20,C,T,0.325,0.521327,0.1059748,0.0001105816
5057802,scaffold_51_pilon,"scaffold_51_pilon:3923499\T,\C",3923499,0,20,C,T,0.325,-0.521327,0.1059748,0.0001105816
3422583,chromosome_24_pilon,"chromosome_24_pilon:5162130\G,\T",5162130,0,20,T,G,0.325,0.521327,0.1059748,0.0001105816
5057803,scaffold_51_pilon,"scaffold_51_pilon:3923506\A,\T",3923506,0,20,T,A,0.325,-0.521327,0.1059748,0.0001105816
5057805,scaffold_51_pilon,"scaffold_51_pilon:3923536\A,\G",3923536,0,20,G,A,0.325,-0.521327,0.1059748,0.0001105816
1442874,chromosome_8_pilon,"chromosome_8_pilon:19004104\T,\G",19004104,0,20,G,T,0.675,-0.521327,0.1059748,0.0001105816
5057804,scaffold_51_pilon,"scaffold_51_pilon:3923514\G,\A",3923514,0,20,A,G,0.325,-0.521327,0.1059748,0.0001105816
2085936,chromosome_13_pilon,"chromosome_13_pilon:5984594\C,\T",5984594,0,20,T,C,0.325,-0.521327,0.1059748,0.0001105816
6356196,scaffold_123_pilon,"scaffold_123_pilon:765504\G,\A",765504,0,20,A,G,0.325,0.521327,0.1059748,0.0001105816
963662,chromosome_6_pilon,"chromosome_6_pilon:3835865\A,\T",3835865,0,20,T,A,0.325,-0.521327,0.1059748,0.0001105816
1355617,chromosome_8_pilon,"chromosome_8_pilon:9189696\G,\A",9189696,0,20,A,G,0.325,0.521327,0.1059748,0.0001105816
5676360,scaffold_74_pilon,"scaffold_74_pilon:1174941\G,\A",1174941,0,20,A,G,0.325,-0.521327,0.1059748,0.0001105816
3178786,chromosome_22_pilon,"chromosome_22_pilon:371130\G,\T",371130,0,20,T,G,0.325,0.521327,0.1059748,0.0001105816
5057827,scaffold_51_pilon,"scaffold_51_pilon:3925544\A,\C",3925544,0,20,C,A,0.325,-0.521327,0.1059748,0.0001105816
5856406,scaffold_83_pilon,"scaffold_83_pilon:436997\A,\T",436997,0,20,T,A,0.325,0.521327,0.1059748,0.0001105816
6589811,scaffold_160_pilon,"scaffold_160_pilon:326597\A,\C",326597,0,20,C,A,0.425,-0.521327,0.1059748,0.0001105816
4391018,scaffold_37_pilon,"scaffold_37_pilon:414590\A,\T",414590,0,20,T,A,0.425,-0.521327,0.1059748,0.0001105816
649136,chromosome_4_pilon,"chromosome_4_pilon:9019367\A,\T",9019367,0,20,T,A,0.325,-0.521327,0.1059748,0.0001105816
2951873,chromosome_20_pilon,"chromosome_20_pilon:202743\G,\T",202743,0,20,T,G,0.325,0.521327,0.1059748,0.0001105816
6356195,scaffold_123_pilon,"scaffold_123_pilon:765492\A,\C",765492,0,20,C,A,0.325,0.521327,0.1059748,0.0001105816
643382,chromosome_4_pilon,"chromosome_4_pilon:8367469\G,\T",8367469,0,20,T,G,0.325,0.521327,0.1059748,0.0001105816
3883245,scaffold_29_pilon,"scaffold_29_pilon:830230\A,\G",830230,1,19,G,A,0.526,-0.4366197,0.08940242,0.0001194761
2074361,chromosome_13_pilon,"chromosome_13_pilon:4403152\G,\T",4403152,1,19,T,G,0.395,-0.5574713,0.1143102,0.0001212907
5839801,scaffold_82_pilon,"scaffold_82_pilon:657321\G,\A",657321,1,19,A,G,0.605,-0.5574713,0.1143102,0.0001212907
647390,chromosome_4_pilon,"chromosome_4_pilon:8819648\C,\T",8819648,1,19,T,C,0.605,-0.5574713,0.1143102,0.0001212907
3878803,scaffold_29_pilon,"scaffold_29_pilon:273823\C,\T",273823,1,19,T,C,0.395,-0.5574713,0.1143102,0.0001212907
5445752,scaffold_65_pilon,"scaffold_65_pilon:532549\C,\T",532549,1,19,T,C,0.395,0.5574713,0.1143102,0.0001212907
5445753,scaffold_65_pilon,"scaffold_65_pilon:532552\G,\A",532552,1,19,A,G,0.395,0.5574713,0.1143102,0.0001212907
3852511,scaffold_28_pilon,"scaffold_28_pilon:6749478\C,\T",6749478,0,20,T,C,0.3,-0.5681818,0.1167503,0.0001240095
6124201,scaffold_100_pilon,"scaffold_100_pilon:12065\A,\G",12065,0,20,G,A,0.3,-0.5681818,0.1167503,0.0001240095
3962967,scaffold_29_pilon,"scaffold_29_pilon:9211028\C,\T",9211028,0,20,T,C,0.3,0.5681818,0.1167503,0.0001240095
5057579,scaffold_51_pilon,"scaffold_51_pilon:3906743\C,\T",3906743,0,20,T,C,0.3,-0.5681818,0.1167503,0.0001240095
3838184,scaffold_28_pilon,"scaffold_28_pilon:4925181\G,\A",4925181,0,20,A,G,0.3,-0.5681818,0.1167503,0.0001240095
3564870,scaffold_25_pilon,"scaffold_25_pilon:7531556\G,\T",7531556,0,20,T,G,0.3,-0.5681818,0.1167503,0.0001240095
5670888,scaffold_74_pilon,"scaffold_74_pilon:528306\A,\C",528306,0,20,C,A,0.3,-0.5681818,0.1167503,0.0001240095
3810339,scaffold_28_pilon,"scaffold_28_pilon:2147132\A,\C",2147132,0,20,C,A,0.3,-0.5681818,0.1167503,0.0001240095
6332247,scaffold_120_pilon,"scaffold_120_pilon:1158529\T,\C",1158529,0,20,C,T,0.3,-0.5681818,0.1167503,0.0001240095
3891104,scaffold_29_pilon,"scaffold_29_pilon:1615629\T,\C",1615629,0,20,C,T,0.3,-0.5681818,0.1167503,0.0001240095
3891106,scaffold_29_pilon,"scaffold_29_pilon:1615639\C,\T",1615639,0,20,T,C,0.3,-0.5681818,0.1167503,0.0001240095
3622739,scaffold_26_pilon,"scaffold_26_pilon:2616412\T,\C",2616412,0,20,C,T,0.3,0.5681818,0.1167503,0.0001240095
6772816,scaffold_228_pilon,"scaffold_228_pilon:85736\C,\A",85736,0,20,A,C,0.3,0.5681818,0.1167503,0.0001240095
1734520,chromosome_10_pilon,"chromosome_10_pilon:17796243\A,\T",17796243,0,20,T,A,0.3,-0.5681818,0.1167503,0.0001240095
4519537,scaffold_39_pilon,"scaffold_39_pilon:2379955\A,\G",2379955,0,20,G,A,0.3,-0.5681818,0.1167503,0.0001240095
5561933,scaffold_69_pilon,"scaffold_69_pilon:1207740\A,\C",1207740,0,20,C,A,0.3,-0.5681818,0.1167503,0.0001240095
3915588,scaffold_29_pilon,"scaffold_29_pilon:4053722\G,\C",4053722,0,20,C,G,0.3,0.5681818,0.1167503,0.0001240095
2045072,chromosome_13_pilon,"chromosome_13_pilon:724146\G,\A",724146,0,20,A,G,0.3,-0.5681818,0.1167503,0.0001240095
1225212,chromosome_7_pilon,"chromosome_7_pilon:13750405\C,\T",13750405,0,20,T,C,0.3,0.5681818,0.1167503,0.0001240095
3810345,scaffold_28_pilon,"scaffold_28_pilon:2147618\G,\T",2147618,0,20,T,G,0.3,-0.5681818,0.1167503,0.0001240095
3962922,scaffold_29_pilon,"scaffold_29_pilon:9206113\C,\A",9206113,0,20,A,C,0.3,0.5681818,0.1167503,0.0001240095
3852555,scaffold_28_pilon,"scaffold_28_pilon:6757475\A,\G",6757475,0,20,G,A,0.3,-0.5681818,0.1167503,0.0001240095
3810346,scaffold_28_pilon,"scaffold_28_pilon:2147619\G,\A",2147619,0,20,A,G,0.3,-0.5681818,0.1167503,0.0001240095
653732,chromosome_4_pilon,"chromosome_4_pilon:9601750\C,\T",9601750,0,20,T,C,0.3,-0.5681818,0.1167503,0.0001240095
3810348,scaffold_28_pilon,"scaffold_28_pilon:2147747\C,\A",2147747,0,20,A,C,0.3,-0.5681818,0.1167503,0.0001240095
1276829,chromosome_7_pilon,"chromosome_7_pilon:19722038\A,\T",19722038,0,20,T,A,0.3,0.5681818,0.1167503,0.0001240095
1927457,chromosome_12_pilon,"chromosome_12_pilon:2725459\A,\G",2725459,0,20,G,A,0.3,-0.5681818,0.1167503,0.0001240095
2748547,chromosome_18_pilon,"chromosome_18_pilon:5621877\T,\G",5621877,0,20,G,T,0.7,-0.5681818,0.1167503,0.0001240095
3891101,scaffold_29_pilon,"scaffold_29_pilon:1615591\T,\C",1615591,0,20,C,T,0.3,-0.5681818,0.1167503,0.0001240095
6773049,scaffold_228_pilon,"scaffold_228_pilon:118760\T,\C",118760,0,20,C,T,0.7,-0.5681818,0.1167503,0.0001240095
1222596,chromosome_7_pilon,"chromosome_7_pilon:13399444\C,\A",13399444,0,20,A,C,0.3,0.5681818,0.1167503,0.0001240095
5836658,scaffold_82_pilon,"scaffold_82_pilon:227732\G,\A",227732,0,20,A,G,0.7,-0.5681818,0.1167503,0.0001240095
3819674,scaffold_28_pilon,"scaffold_28_pilon:3263121\T,\C",3263121,0,20,C,T,0.3,-0.5681818,0.1167503,0.0001240095
3844302,scaffold_28_pilon,"scaffold_28_pilon:5701060\A,\G",5701060,0,20,G,A,0.3,-0.5681818,0.1167503,0.0001240095
3819675,scaffold_28_pilon,"scaffold_28_pilon:3263125\T,\G",3263125,0,20,G,T,0.3,-0.5681818,0.1167503,0.0001240095
3609781,scaffold_26_pilon,"scaffold_26_pilon:667449\G,\A",667449,0,20,A,G,0.3,-0.5681818,0.1167503,0.0001240095
3607116,scaffold_26_pilon,"scaffold_26_pilon:30287\A,\C",30287,0,20,C,A,0.3,-0.5681818,0.1167503,0.0001240095
3423603,chromosome_24_pilon,"chromosome_24_pilon:5271737\G,\A",5271737,0,20,A,G,0.7,-0.5681818,0.1167503,0.0001240095
2919948,chromosome_19_pilon,"chromosome_19_pilon:10692947\G,\T",10692947,0,20,T,G,0.7,-0.5681818,0.1167503,0.0001240095
3615194,scaffold_26_pilon,"scaffold_26_pilon:1628578\T,\C",1628578,0,20,C,T,0.3,-0.5681818,0.1167503,0.0001240095
6326141,scaffold_120_pilon,"scaffold_120_pilon:445646\T,\C",445646,0,20,C,T,0.3,-0.5681818,0.1167503,0.0001240095
3884478,scaffold_29_pilon,"scaffold_29_pilon:972008\A,\G",972008,1,19,G,A,0.421,0.442029,0.09092527,0.0001254183
5396471,scaffold_63_pilon,"scaffold_63_pilon:229422\T,\C",229422,1,19,C,T,0.421,-0.442029,0.09092527,0.0001254183
3178794,chromosome_22_pilon,"chromosome_22_pilon:371405\T,\G",371405,1,19,G,T,0.579,0.442029,0.09092527,0.0001254183
3178795,chromosome_22_pilon,"chromosome_22_pilon:371406\A,\G",371406,1,19,G,A,0.579,0.442029,0.09092527,0.0001254183
5428577,scaffold_64_pilon,"scaffold_64_pilon:1938350\C,\A",1938350,1,19,A,C,0.421,0.442029,0.09092527,0.0001254183
647393,chromosome_4_pilon,"chromosome_4_pilon:8819909\T,\A",8819909,1,19,A,T,0.421,-0.442029,0.09092527,0.0001254183
1441163,chromosome_8_pilon,"chromosome_8_pilon:18620552\A,\T",18620552,1,19,T,A,0.605,-0.464,0.09565679,0.0001283971
3490635,chromosome_24_pilon,"chromosome_24_pilon:12321481\T,\G",12321481,1,19,G,T,0.395,-0.464,0.09565679,0.0001283971
5856808,scaffold_83_pilon,"scaffold_83_pilon:469287\C,\G",469287,1,19,G,C,0.605,-0.464,0.09565679,0.0001283971
959045,chromosome_6_pilon,"chromosome_6_pilon:3396331\A,\T",3396331,1,19,T,A,0.605,-0.464,0.09565679,0.0001283971
2869735,chromosome_19_pilon,"chromosome_19_pilon:4442393\A,\G",4442393,1,19,G,A,0.605,-0.464,0.09565679,0.0001283971
6601914,scaffold_163_pilon,"scaffold_163_pilon:250656\A,\G",250656,1,19,G,A,0.395,-0.464,0.09565679,0.0001283971
1779255,chromosome_11_pilon,"chromosome_11_pilon:3703003\A,\G",3703003,1,19,G,A,0.395,0.464,0.09565679,0.0001283971
4536819,scaffold_39_pilon,"scaffold_39_pilon:4373300\A,\G",4373300,1,19,G,A,0.658,0.6810345,0.140467,0.0001290463
3417169,chromosome_24_pilon,"chromosome_24_pilon:4523580\A,\G",4523580,1,19,G,A,0.342,0.6810345,0.140467,0.0001290463
1227285,chromosome_7_pilon,"chromosome_7_pilon:13967642\A,\G",13967642,0,20,G,A,0.525,0.4347826,0.08988024,0.0001321781
5860786,scaffold_83_pilon,"scaffold_83_pilon:848601\C,\T",848601,0,20,T,C,0.525,0.4347826,0.08988024,0.0001321781
1355410,chromosome_8_pilon,"chromosome_8_pilon:9159982\A,\G",9159982,0,20,G,A,0.475,-0.4347826,0.08988024,0.0001321781
4706698,scaffold_43_pilon,"scaffold_43_pilon:1929875\C,\T",1929875,0,20,T,C,0.525,-0.4347826,0.08988024,0.0001321781
651810,chromosome_4_pilon,"chromosome_4_pilon:9347604\C,\A",9347604,0,20,A,C,0.475,0.4347826,0.08988024,0.0001321781
3884456,scaffold_29_pilon,"scaffold_29_pilon:968099\C,\A",968099,0,20,A,C,0.475,0.4347826,0.08988024,0.0001321781
3883238,scaffold_29_pilon,"scaffold_29_pilon:829814\A,\G",829814,0,20,G,A,0.475,-0.4347826,0.08988024,0.0001321781
4407804,scaffold_37_pilon,"scaffold_37_pilon:2517538\G,\A",2517538,0,20,A,G,0.525,-0.4347826,0.08988024,0.0001321781
3955420,scaffold_29_pilon,"scaffold_29_pilon:8229296\A,\G",8229296,0,20,G,A,0.525,-0.4347826,0.08988024,0.0001321781
4389426,scaffold_37_pilon,"scaffold_37_pilon:218690\A,\G",218690,0,20,G,A,0.525,-0.4347826,0.08988024,0.0001321781
5861778,scaffold_83_pilon,"scaffold_83_pilon:949011\G,\A",949011,0,20,A,G,0.525,0.4347826,0.08988024,0.0001321781
5861789,scaffold_83_pilon,"scaffold_83_pilon:949957\T,\C",949957,0,20,C,T,0.525,0.4347826,0.08988024,0.0001321781
1345405,chromosome_8_pilon,"chromosome_8_pilon:7988718\G,\A",7988718,0,20,A,G,0.475,-0.4347826,0.08988024,0.0001321781
5861788,scaffold_83_pilon,"scaffold_83_pilon:949947\A,\G",949947,0,20,G,A,0.525,0.4347826,0.08988024,0.0001321781
3917528,scaffold_29_pilon,"scaffold_29_pilon:4276968\C,\A",4276968,0,20,A,C,0.525,0.4347826,0.08988024,0.0001321781
4758696,scaffold_44_pilon,"scaffold_44_pilon:2442519\A,\G",2442519,0,20,G,A,0.475,-0.4347826,0.08988024,0.0001321781
647903,chromosome_4_pilon,"chromosome_4_pilon:8877934\T,\G",8877934,0,20,G,T,0.475,-0.4347826,0.08988024,0.0001321781
648765,chromosome_4_pilon,"chromosome_4_pilon:8982084\C,\T",8982084,0,20,T,C,0.475,0.4347826,0.08988024,0.0001321781
1104601,chromosome_6_pilon,"chromosome_6_pilon:18926289\C,\T",18926289,1,19,T,C,0.342,0.4826087,0.1000368,0.0001359896
1388415,chromosome_8_pilon,"chromosome_8_pilon:12722552\T,\C",12722552,1,19,C,T,0.342,-0.4826087,0.1000368,0.0001359896
5021317,scaffold_51_pilon,"scaffold_51_pilon:201156\T,\C",201156,1,19,C,T,0.342,-0.4826087,0.1000368,0.0001359896
4748911,scaffold_44_pilon,"scaffold_44_pilon:1085857\A,\G",1085857,1,19,G,A,0.342,0.4826087,0.1000368,0.0001359896
2870876,chromosome_19_pilon,"chromosome_19_pilon:4591448\G,\T",4591448,1,19,T,G,0.658,-0.4826087,0.1000368,0.0001359896
2901071,chromosome_19_pilon,"chromosome_19_pilon:8311021\A,\T",8311021,1,19,T,A,0.342,-0.4826087,0.1000368,0.0001359896
5698996,scaffold_75_pilon,"scaffold_75_pilon:1927674\G,\C",1927674,1,19,C,G,0.658,-0.4826087,0.1000368,0.0001359896
2748545,chromosome_18_pilon,"chromosome_18_pilon:5621853\G,\A",5621853,1,19,A,G,0.658,-0.4826087,0.1000368,0.0001359896
3885991,scaffold_29_pilon,"scaffold_29_pilon:1098981\T,\A",1098981,1,19,A,T,0.342,0.4826087,0.1000368,0.0001359896
3621223,scaffold_26_pilon,"scaffold_26_pilon:2448926\T,\G",2448926,1,19,G,T,0.342,0.4826087,0.1000368,0.0001359896
2058493,chromosome_13_pilon,"chromosome_13_pilon:2363392\G,\C",2363392,0,20,C,G,0.3,-0.46875,0.09743899,0.0001400875
5856212,scaffold_83_pilon,"scaffold_83_pilon:423233\A,\G",423233,0,20,G,A,0.7,-0.46875,0.09743899,0.0001400875
3899363,scaffold_29_pilon,"scaffold_29_pilon:2504418\C,\T",2504418,0,20,T,C,0.7,-0.46875,0.09743899,0.0001400875
4709097,scaffold_43_pilon,"scaffold_43_pilon:2168511\C,\T",2168511,0,20,T,C,0.7,-0.46875,0.09743899,0.0001400875
4991957,scaffold_50_pilon,"scaffold_50_pilon:1804508\A,\G",1804508,0,20,G,A,0.3,0.46875,0.09743899,0.0001400875
5859425,scaffold_83_pilon,"scaffold_83_pilon:726920\A,\G",726920,0,20,G,A,0.3,0.46875,0.09743899,0.0001400875
2903794,chromosome_19_pilon,"chromosome_19_pilon:8672708\G,\T",8672708,0,20,T,G,0.3,-0.46875,0.09743899,0.0001400875
1357904,chromosome_8_pilon,"chromosome_8_pilon:9515203\C,\G",9515203,1,19,G,C,0.368,0.4228188,0.08819682,0.0001452766
647916,chromosome_4_pilon,"chromosome_4_pilon:8879271\T,\A",8879271,1,19,A,T,0.474,-0.4330986,0.09034891,0.0001454079
3891647,scaffold_29_pilon,"scaffold_29_pilon:1671088\G,\A",1671088,1,19,A,G,0.474,0.4330986,0.09034891,0.0001454079
5837035,scaffold_82_pilon,"scaffold_82_pilon:289220\T,\C",289220,1,19,C,T,0.474,-0.4330986,0.09034891,0.0001454079
3884613,scaffold_29_pilon,"scaffold_29_pilon:983025\G,\A",983025,1,19,A,G,0.474,0.4330986,0.09034891,0.0001454079
5861340,scaffold_83_pilon,"scaffold_83_pilon:907702\G,\T",907702,1,19,T,G,0.526,0.4330986,0.09034891,0.0001454079
3884460,scaffold_29_pilon,"scaffold_29_pilon:968204\T,\C",968204,1,19,C,T,0.474,0.4330986,0.09034891,0.0001454079
